Section,Text,Start_time_section,End_time_section,Section_offset,Start_time_combined,End_time_combined,Start_time_adjusted
1,when,1.24,1.39,55.71,56.95,57.1,0
1,henry,1.39,1.66,55.71,57.1,57.37,0.15
1,left,1.66,2,55.71,57.37,57.71,0.42
1,the,2,2.07,55.71,57.71,57.78,0.76
1,gym,2.07,2.42,55.71,57.78,58.13,0.83
1,on,2.42,2.53,55.71,58.13,58.24,1.18
1,this,2.53,2.74,55.71,58.24,58.45,1.29
1,particular,2.74,3.34,55.71,58.45,59.05,1.5
1,wednesday,3.34,4.04,55.71,59.05,59.75,2.1
1,he,4.41,4.54,55.71,60.12,60.25,3.17
1,stopped,4.54,4.89,55.71,60.25,60.6,3.3
1,to,4.89,4.96,55.71,60.6,60.67,3.65
1,watch,4.96,5.25,55.71,60.67,60.96,3.72
1,a,5.25,5.31,55.71,60.96,61.02,4.01
1,man,5.31,5.73,55.71,61.02,61.44,4.07
1,tear,5.73,6.03,55.71,61.44,61.74,4.49
1,down,6.03,6.33,55.71,61.74,62.04,4.79
1,a,6.33,6.37,55.71,62.04,62.08,5.09
1,circus,6.37,6.83,55.71,62.08,62.54,5.13
1,poster,6.83,7.42,55.71,62.54,63.13,5.59
1,then,8.06,8.46,55.71,63.77,64.17,6.82
1,with,8.46,8.68,55.71,64.17,64.39,7.22
1,three,8.68,8.93,55.71,64.39,64.64,7.44
1,nickels,8.93,9.41,55.71,64.64,65.12,7.69
1,and,9.41,9.64,55.71,65.12,65.35,8.17
1,one,9.64,9.9,55.71,65.35,65.61,8.4
1,dime,9.9,10.16,55.71,65.61,65.87,8.66
1,in,10.16,10.22,55.71,65.87,65.93,8.92
1,his,10.22,10.38,55.71,65.93,66.09,8.98
1,pocket,10.38,10.92,55.71,66.09,66.63,9.14
1,he,11.16,11.32,55.71,66.87,67.03,9.92
1,went,11.32,11.51,55.71,67.03,67.22,10.08
1,to,11.51,11.62,55.71,67.22,67.33,10.27
1,the,11.62,11.71,55.71,67.33,67.42,10.38
1,corner,11.71,12.05,55.71,67.42,67.76,10.47
1,drugstore,12.05,12.62,55.71,67.76,68.33,10.81
1,to,12.62,12.75,55.71,68.33,68.46,11.38
1,buy,12.75,12.93,55.71,68.46,68.64,11.51
1,a,12.93,13.03,55.71,68.64,68.74,11.69
1,chocolate,13.03,13.55,55.71,68.74,69.26,11.79
1,ice,13.58,13.86,55.71,69.29,69.57,12.34
1,cream,13.86,14.1,55.71,69.57,69.81,12.62
1,cone,14.1,14.54,55.71,69.81,70.25,12.86
1,he,15.2,15.37,55.71,70.91,71.08,13.96
1,thought,15.37,15.67,55.71,71.08,71.38,14.13
1,he,15.67,15.79,55.71,71.38,71.5,14.43
1,would,15.79,15.93,55.71,71.5,71.64,14.55
1,eat,15.93,16.13,55.71,71.64,71.84,14.69
1,the,16.13,16.26,55.71,71.84,71.97,14.89
1,ice,16.26,16.54,55.71,71.97,72.25,15.02
1,cream,16.54,16.7,55.71,72.25,72.41,15.3
1,cone,16.7,17.22,55.71,72.41,72.93,15.46
1,get,17.55,17.74,55.71,73.26,73.45,16.31
1,on,17.74,17.87,55.71,73.45,73.58,16.5
1,the,17.87,17.95,55.71,73.58,73.66,16.63
1,bus,17.95,18.44,55.71,73.66,74.15,16.71
1,drop,18.84,19.11,55.71,74.55,74.82,17.6
1,his,19.11,19.31,55.71,74.82,75.02,17.87
1,dime,19.31,19.56,55.71,75.02,75.27,18.07
1,in,19.56,19.66,55.71,75.27,75.37,18.32
1,the,19.66,19.73,55.71,75.37,75.44,18.42
1,slot,19.73,20.28,55.71,75.44,75.99,18.49
1,and,20.57,20.69,55.71,76.28,76.4,19.33
1,ride,20.69,20.88,55.71,76.4,76.59,19.45
1,home,20.88,21.34,55.71,76.59,77.05,19.64
1,that,22.66,23.2,55.71,78.37,78.91,21.42
1,is,23.25,23.48,55.71,78.96,79.19,22.01
1,not,23.48,24.08,55.71,79.19,79.79,22.24
1,what,24.11,24.27,55.71,79.82,79.98,22.87
1,happened,24.27,24.82,55.71,79.98,80.53,23.03
1,he,26.05,26.32,55.71,81.76,82.03,24.81
1,bought,26.32,26.58,55.71,82.03,82.29,25.08
1,the,26.58,26.72,55.71,82.29,82.43,25.34
1,ice,26.72,27.02,55.71,82.43,82.73,25.48
1,cream,27.02,27.21,55.71,82.73,82.92,25.78
1,cone,27.21,27.48,55.71,82.92,83.19,25.97
1,and,27.48,27.61,55.71,83.19,83.32,26.24
1,paid,27.61,27.86,55.71,83.32,83.57,26.37
1,for,27.86,28.09,55.71,83.57,83.8,26.62
1,it,28.09,28.26,55.71,83.8,83.97,26.85
1,with,28.26,28.42,55.71,83.97,84.13,27.02
1,one,28.42,28.61,55.71,84.13,84.32,27.18
1,of,28.61,28.7,55.71,84.32,84.41,27.37
1,his,28.7,28.89,55.71,84.41,84.6,27.46
1,nickels,28.89,29.48,55.71,84.6,85.19,27.65
1,on,30.05,30.25,55.71,85.76,85.96,28.81
1,his,30.25,30.45,55.71,85.96,86.16,29.01
1,way,30.45,30.66,55.71,86.16,86.37,29.21
1,out,30.66,30.82,55.71,86.37,86.53,29.42
1,of,30.82,30.93,55.71,86.53,86.64,29.58
1,the,30.93,31,55.71,86.64,86.71,29.69
1,drugstore,31,31.65,55.71,86.71,87.36,29.76
1,he,31.96,32.14,55.71,87.67,87.85,30.72
1,stopped,32.14,32.84,55.71,87.85,88.55,30.9
1,to,32.84,32.97,55.71,88.55,88.68,31.6
1,look,32.97,33.21,55.71,88.68,88.92,31.73
1,at,33.21,33.3,55.71,88.92,89.01,31.97
1,funny,33.3,33.65,55.71,89.01,89.36,32.06
1,books,33.65,34.17,55.71,89.36,89.88,32.41
1,it,34.78,34.93,55.71,90.49,90.64,33.54
1,was,34.93,35.09,55.71,90.64,90.8,33.69
1,a,35.09,35.14,55.71,90.8,90.85,33.85
1,free,35.14,35.48,55.71,90.85,91.19,33.9
1,look,35.48,35.84,55.71,91.19,91.55,34.24
1,because,36.16,36.44,55.71,91.87,92.15,34.92
1,he,36.44,36.51,55.71,92.15,92.22,35.2
1,had,36.51,36.6,55.71,92.22,92.31,35.27
1,only,36.6,36.85,55.71,92.31,92.56,35.36
1,two,37.13,37.3,55.71,92.84,93.01,35.89
1,nickels,37.3,37.65,55.71,93.01,93.36,36.06
1,left,37.65,38.1,55.71,93.36,93.81,36.41
1,he,39.11,39.28,55.71,94.82,94.99,37.87
1,stood,39.28,39.68,55.71,94.99,95.39,38.04
1,there,39.68,40.06,55.71,95.39,95.77,38.44
1,licking,40.06,40.55,55.71,95.77,96.26,38.82
1,his,40.55,40.8,55.71,96.26,96.51,39.31
1,chocolate,40.8,41.26,55.71,96.51,96.97,39.56
1,ice,41.26,41.49,55.71,96.97,97.2,40.02
1,cream,41.49,41.73,55.71,97.2,97.44,40.25
1,cone,41.73,42.08,55.71,97.44,97.79,40.49
1,and,42.08,42.22,55.71,97.79,97.93,40.84
1,reading,42.22,42.74,55.71,97.93,98.45,40.98
1,one,42.74,42.91,55.71,98.45,98.62,41.5
1,of,42.91,43.01,55.71,98.62,98.72,41.67
1,the,43.01,43.09,55.71,98.72,98.8,41.77
1,funny,43.09,43.43,55.71,98.8,99.14,41.85
1,books,43.43,43.96,55.71,99.14,99.67,42.19
1,when,44.46,44.61,55.71,100.17,100.32,43.22
1,he,44.61,44.77,55.71,100.32,100.48,43.37
1,heard,44.77,45.1,55.71,100.48,100.81,43.53
1,a,45.1,45.4,55.71,100.81,101.11,43.86
1,thump,45.57,45.94,55.71,101.28,101.65,44.33
1,thump,46.13,46.53,55.71,101.84,102.24,44.89
1,thump,46.73,47.03,55.71,102.44,102.74,45.49
1,henry,48.27,48.59,55.71,103.98,104.3,47.03
1,turned,48.59,49.06,55.71,104.3,104.77,47.35
1,and,50.06,50.24,55.71,105.77,105.95,48.82
1,there,50.24,50.55,55.71,105.95,106.26,49
1,behind,50.55,51.03,55.71,106.26,106.74,49.31
1,him,51.03,51.4,55.71,106.74,107.11,49.79
1,was,51.78,51.97,55.71,107.49,107.68,50.54
1,a,51.97,52.03,55.71,107.68,107.74,50.73
1,dog,52.03,52.58,55.71,107.74,108.29,50.79
1,the,53.67,53.76,55.71,109.38,109.47,52.43
1,dog,53.76,54.2,55.71,109.47,109.91,52.52
1,was,54.2,54.46,55.71,109.91,110.17,52.96
1,scratching,54.46,54.98,55.71,110.17,110.69,53.22
1,himself,54.98,55.66,55.71,110.69,111.37,53.74
1,he,56.77,56.9,55.71,112.48,112.61,55.53
1,wasn't,56.9,57.24,55.71,112.61,112.95,55.66
1,any,57.24,57.49,55.71,112.95,113.2,56
1,special,57.49,58,55.71,113.2,113.71,56.25
1,kind,58,58.26,55.71,113.71,113.97,56.76
1,of,58.26,58.37,55.71,113.97,114.08,57.02
1,dog,58.37,58.77,55.71,114.08,114.48,57.13
1,he,59.38,59.48,55.71,115.09,115.19,58.14
1,was,59.48,59.65,55.71,115.19,115.36,58.24
1,too,59.65,59.84,55.71,115.36,115.55,58.41
1,small,59.84,60.32,55.71,115.55,116.03,58.6
1,to,60.32,60.43,55.71,116.03,116.14,59.08
1,be,60.43,60.57,55.71,116.14,116.28,59.19
1,a,60.57,60.61,55.71,116.28,116.32,59.33
1,big,60.61,60.94,55.71,116.32,116.65,59.37
1,dog,60.94,61.34,55.71,116.65,117.05,59.7
1,but,61.34,61.74,55.71,117.05,117.45,60.1
1,on,61.74,61.91,55.71,117.45,117.62,60.5
1,the,61.91,62.05,55.71,117.62,117.76,60.67
1,other,62.05,62.27,55.71,117.76,117.98,60.81
1,hand,62.27,62.6,55.71,117.98,118.31,61.03
1,he,62.77,62.95,55.71,118.48,118.66,61.53
1,was,62.95,63.11,55.71,118.66,118.82,61.71
1,much,63.11,63.49,55.71,118.82,119.2,61.87
1,too,63.49,63.69,55.71,119.2,119.4,62.25
1,big,63.69,64.29,55.71,119.4,120,62.45
1,to,64.29,64.43,55.71,120,120.14,63.05
1,be,64.43,64.59,55.71,120.14,120.3,63.19
1,a,64.59,64.65,55.71,120.3,120.36,63.35
1,little,64.65,64.99,55.71,120.36,120.7,63.41
1,dog,64.99,65.4,55.71,120.7,121.11,63.75
1,he,66.33,66.47,55.71,122.04,122.18,65.09
1,wasn't,66.47,66.86,55.71,122.18,122.57,65.23
1,a,66.86,66.92,55.71,122.57,122.63,65.62
1,white,66.92,67.34,55.71,122.63,123.05,65.68
1,dog,67.34,67.76,55.71,123.05,123.47,66.1
1,because,68,68.28,55.71,123.71,123.99,66.76
1,parts,68.28,68.57,55.71,123.99,124.28,67.04
1,of,68.57,68.66,55.71,124.28,124.37,67.33
1,him,68.66,68.88,55.71,124.37,124.59,67.42
1,were,68.88,69.03,55.71,124.59,124.74,67.64
1,brown,69.03,69.57,55.71,124.74,125.28,67.79
1,and,69.81,69.93,55.71,125.52,125.64,68.57
1,other,69.93,70.12,55.71,125.64,125.83,68.69
1,parts,70.12,70.49,55.71,125.83,126.2,68.88
1,were,70.49,70.62,55.71,126.2,126.33,69.25
1,black,70.62,71.1,55.71,126.33,126.81,69.38
1,and,71.45,71.68,55.71,127.16,127.39,70.21
1,in,71.68,71.89,55.71,127.39,127.6,70.44
1,between,71.89,72.66,55.71,127.6,128.37,70.65
1,there,72.66,72.9,55.71,128.37,128.61,71.42
1,were,72.9,73.08,55.71,128.61,128.79,71.66
1,yellowish,73.08,73.88,55.71,128.79,129.59,71.84
1,patches,73.88,74.65,55.71,129.59,130.36,72.64
1,his,75.62,75.96,55.71,131.33,131.67,74.38
1,ears,75.96,76.4,55.71,131.67,132.11,74.72
1,stood,76.4,76.73,55.71,132.11,132.44,75.16
1,up,76.73,77.03,55.71,132.44,132.74,75.49
1,and,77.4,77.56,55.71,133.11,133.27,76.16
1,his,77.56,77.9,55.71,133.27,133.61,76.32
1,tail,77.9,78.41,55.71,133.61,134.12,76.66
1,was,78.41,78.61,55.71,134.12,134.32,77.17
1,long,78.61,79.17,55.71,134.32,134.88,77.37
1,and,79.17,79.35,55.71,134.88,135.06,77.93
1,thin,79.35,79.82,55.71,135.06,135.53,78.11
2,the,1.53,1.64,137.05,138.58,138.69,81.63
2,dog,1.64,2.15,137.05,138.69,139.2,81.74
2,was,2.5,2.72,137.05,139.55,139.77,82.6
2,hungry,2.72,3.33,137.05,139.77,140.38,82.82
2,when,4.46,4.65,137.05,141.51,141.7,84.56
2,henry,4.65,5.01,137.05,141.7,142.06,84.75
2,licked,5.01,5.5,137.05,142.06,142.55,85.11
2,he,5.96,6.22,137.05,143.01,143.27,86.06
2,licked,6.22,6.74,137.05,143.27,143.79,86.32
2,when,7.36,7.57,137.05,144.41,144.62,87.46
2,henry,7.57,7.98,137.05,144.62,145.03,87.67
2,swallowed,7.98,8.69,137.05,145.03,145.74,88.08
2,he,9.24,9.47,137.05,146.29,146.52,89.34
2,swallowed,9.47,10.14,137.05,146.52,147.19,89.57
2,hello,11,11.37,137.05,148.05,148.42,91.1
2,you,11.37,11.59,137.05,148.42,148.64,91.47
2,old,11.59,11.8,137.05,148.64,148.85,91.69
2,dog,11.8,12.21,137.05,148.85,149.26,91.9
2,henry,12.65,12.96,137.05,149.7,150.01,92.75
2,said,12.96,13.37,137.05,150.01,150.42,93.06
2,you,14.08,14.34,137.05,151.13,151.39,94.18
2,can't,14.34,14.69,137.05,151.39,151.74,94.44
2,have,14.69,15.04,137.05,151.74,152.09,94.79
2,my,15.04,15.23,137.05,152.09,152.28,95.14
2,ice,15.23,15.5,137.05,152.28,152.55,95.33
2,cream,15.5,15.73,137.05,152.55,152.78,95.6
2,cone,15.73,16.18,137.05,152.78,153.23,95.83
2,swish,17.13,17.56,137.05,154.18,154.61,97.23
2,swish,17.56,17.99,137.05,154.61,155.04,97.66
2,swish,17.99,18.59,137.05,155.04,155.64,98.09
2,went,18.59,18.83,137.05,155.64,155.88,98.69
2,the,18.83,18.9,137.05,155.88,155.95,98.93
2,tail,18.9,19.37,137.05,155.95,156.42,99
2,just,20.51,21.32,137.05,157.56,158.37,100.61
2,one,21.32,22.25,137.05,158.37,159.3,101.42
2,bite,22.25,22.55,137.05,159.3,159.6,102.35
2,the,22.55,23,137.05,159.6,160.05,102.65
2,dog's,23.82,24.18,137.05,160.87,161.23,103.92
2,brown,24.18,24.46,137.05,161.23,161.51,104.28
2,eyes,24.46,24.73,137.05,161.51,161.78,104.56
2,seemed,24.73,25.05,137.05,161.78,162.1,104.83
2,to,25.05,25.14,137.05,162.1,162.19,105.15
2,say,25.14,25.62,137.05,162.19,162.67,105.24
2,go,26.47,26.74,137.05,163.52,163.79,106.57
2,away,26.74,27.36,137.05,163.79,164.41,106.84
2,henry,27.84,28.18,137.05,164.89,165.23,107.94
2,ordered,28.18,28.63,137.05,165.23,165.68,108.28
2,he,29.53,29.68,137.05,166.58,166.73,109.63
2,wasn't,29.68,30.04,137.05,166.73,167.09,109.78
2,very,30.04,30.28,137.05,167.09,167.33,110.14
2,firm,30.28,30.69,137.05,167.33,167.74,110.38
2,about,30.69,30.97,137.05,167.74,168.02,110.79
2,it,30.97,31.2,137.05,168.02,168.25,111.07
2,he,31.99,32.15,137.05,169.04,169.2,112.09
2,patted,32.15,32.51,137.05,169.2,169.56,112.25
2,the,32.51,32.59,137.05,169.56,169.64,112.61
2,dog's,32.59,32.94,137.05,169.64,169.99,112.69
2,head,32.94,33.36,137.05,169.99,170.41,113.04
2,the,34.29,34.39,137.05,171.34,171.44,114.39
2,tail,34.39,34.81,137.05,171.44,171.86,114.49
2,wagged,34.81,35.11,137.05,171.86,172.16,114.91
2,harder,35.11,35.69,137.05,172.16,172.74,115.21
2,henry,36.67,37.08,137.05,173.72,174.13,116.77
2,took,37.08,37.38,137.05,174.13,174.43,117.18
2,one,37.38,37.86,137.05,174.43,174.91,117.48
2,last,37.86,38.48,137.05,174.91,175.53,117.96
2,lick,38.48,38.97,137.05,175.53,176.02,118.58
2,oh,40.01,40.52,137.05,177.06,177.57,120.11
2,all,40.52,40.94,137.05,177.57,177.99,120.62
2,right,40.94,41.63,137.05,177.99,178.68,121.04
2,he,41.76,41.89,137.05,178.81,178.94,121.86
2,said,41.89,42.38,137.05,178.94,179.43,121.99
2,if,42.94,43.06,137.05,179.99,180.11,123.04
2,you're,43.06,43.17,137.05,180.11,180.22,123.16
2,that,43.17,43.38,137.05,180.22,180.43,123.27
2,hungry,43.38,43.99,137.05,180.43,181.04,123.48
2,you,44.39,44.51,137.05,181.44,181.56,124.49
2,might,44.51,44.76,137.05,181.56,181.81,124.61
2,as,44.76,44.87,137.05,181.81,181.92,124.86
2,well,44.87,45.13,137.05,181.92,182.18,124.97
2,have,45.13,45.39,137.05,182.18,182.44,125.23
2,it,45.39,45.73,137.05,182.44,182.78,125.49
2,the,46.75,46.87,137.05,183.8,183.92,126.85
2,ice,46.87,47.13,137.05,183.92,184.18,126.97
2,cream,47.13,47.39,137.05,184.18,184.44,127.23
2,cone,47.39,47.77,137.05,184.44,184.82,127.49
2,disappeared,47.77,48.47,137.05,184.82,185.52,127.87
2,in,48.47,48.74,137.05,185.52,185.79,128.57
2,one,48.74,49.22,137.05,185.79,186.27,128.84
2,gulp,49.22,49.65,137.05,186.27,186.7,129.32
2,now,50.39,50.66,137.05,187.44,187.71,130.49
2,go,50.66,50.83,137.05,187.71,187.88,130.76
2,away,50.83,51.59,137.05,187.88,188.64,130.93
2,henry,51.86,52.17,137.05,188.91,189.22,131.96
2,told,52.17,52.41,137.05,189.22,189.46,132.27
2,the,52.41,52.48,137.05,189.46,189.53,132.51
2,dog,52.48,52.85,137.05,189.53,189.9,132.58
2,i,53.32,53.51,137.05,190.37,190.56,133.42
2,have,53.51,53.65,137.05,190.56,190.7,133.61
2,to,53.65,53.72,137.05,190.7,190.77,133.75
2,catch,53.72,53.95,137.05,190.77,191,133.82
2,a,53.95,54.01,137.05,191,191.06,134.05
2,bus,54.01,54.31,137.05,191.06,191.36,134.11
2,for,54.31,54.44,137.05,191.36,191.49,134.41
2,home,54.44,54.9,137.05,191.49,191.95,134.54
2,he,55.89,56.03,137.05,192.94,193.08,135.99
2,started,56.03,56.45,137.05,193.08,193.5,136.13
2,for,56.45,56.62,137.05,193.5,193.67,136.55
2,the,56.62,56.71,137.05,193.67,193.76,136.72
2,door,56.71,57.18,137.05,193.76,194.23,136.81
2,the,58.1,58.21,137.05,195.15,195.26,138.2
2,dog,58.21,58.72,137.05,195.26,195.77,138.31
2,started,58.72,59.28,137.05,195.77,196.33,138.82
2,too,59.28,59.64,137.05,196.33,196.69,139.38
2,go,61.2,61.3,137.05,198.25,198.35,141.3
2,away,61.3,61.74,137.05,198.35,198.79,141.4
2,you,61.74,62.48,137.05,198.79,199.53,141.84
2,skinny,62.48,63.02,137.05,199.53,200.07,142.58
2,old,63.02,63.28,137.05,200.07,200.33,143.12
2,dog,63.28,63.7,137.05,200.33,200.75,143.38
2,henry,64.48,64.77,137.05,201.53,201.82,144.58
2,didn't,64.77,65,137.05,201.82,202.05,144.87
2,say,65,65.27,137.05,202.05,202.32,145.1
2,it,65.27,65.36,137.05,202.32,202.41,145.37
2,very,65.36,65.61,137.05,202.41,202.66,145.46
2,loudly,65.61,66.24,137.05,202.66,203.29,145.71
2,go,66.54,67.09,137.05,203.59,204.14,146.64
2,on,67.09,67.41,137.05,204.14,204.46,147.19
2,home,67.41,67.98,137.05,204.46,205.03,147.51
2,the,69.25,69.34,137.05,206.3,206.39,149.35
2,dog,69.34,69.67,137.05,206.39,206.72,149.44
2,sat,69.67,70.04,137.05,206.72,207.09,149.77
2,down,70.04,70.31,137.05,207.09,207.36,150.14
2,at,70.31,70.39,137.05,207.36,207.44,150.41
2,henry's,70.39,70.83,137.05,207.44,207.88,150.49
2,feet,70.83,71.18,137.05,207.88,208.23,150.93
2,henry,72.31,72.71,137.05,209.36,209.76,152.41
2,looked,72.71,72.97,137.05,209.76,210.02,152.81
2,at,72.97,73.06,137.05,210.02,210.11,153.07
2,the,73.06,73.13,137.05,210.11,210.18,153.16
2,dog,73.13,73.57,137.05,210.18,210.62,153.23
2,and,74.29,74.43,137.05,211.34,211.48,154.39
2,the,74.43,74.56,137.05,211.48,211.61,154.53
2,dog,74.56,75.09,137.05,211.61,212.14,154.66
2,looked,75.2,75.51,137.05,212.25,212.56,155.3
2,at,75.51,75.58,137.05,212.56,212.63,155.61
2,henry,75.58,76.05,137.05,212.63,213.1,155.68
2,i,77.16,77.35,137.05,214.21,214.4,157.26
2,don't,77.35,77.55,137.05,214.4,214.6,157.45
2,think,77.55,77.78,137.05,214.6,214.83,157.65
2,you've,77.78,77.98,137.05,214.83,215.03,157.88
2,got,77.98,78.28,137.05,215.03,215.33,158.08
2,a,78.28,78.37,137.05,215.33,215.42,158.38
2,home,78.37,78.87,137.05,215.42,215.92,158.47
2,you're,79.73,79.97,137.05,216.78,217.02,159.83
2,awful,79.97,80.35,137.05,217.02,217.4,160.07
2,thin,80.35,81.07,137.05,217.4,218.12,160.45
2,your,81.55,81.76,137.05,218.6,218.81,161.65
2,ribs,81.76,82.3,137.05,218.81,219.35,161.86
2,show,82.3,82.59,137.05,219.35,219.64,162.4
2,right,82.59,82.85,137.05,219.64,219.9,162.69
2,through,82.85,82.96,137.05,219.9,220.01,162.95
2,your,82.96,83.15,137.05,220.01,220.2,163.06
2,skin,83.15,83.78,137.05,220.2,220.83,163.25
2,thump,84.49,84.85,137.05,221.54,221.9,164.59
2,thump,84.85,85.23,137.05,221.9,222.28,164.95
2,thump,85.23,85.64,137.05,222.28,222.69,165.33
2,replied,85.64,85.99,137.05,222.69,223.04,165.74
2,the,85.99,86.06,137.05,223.04,223.11,166.09
2,tail,86.06,86.49,137.05,223.11,223.54,166.16
2,and,87.25,87.46,137.05,224.3,224.51,167.35
2,you,87.46,87.53,137.05,224.51,224.58,167.56
2,haven't,87.53,87.94,137.05,224.58,224.99,167.63
2,got,87.94,88.16,137.05,224.99,225.21,168.04
2,a,88.16,88.21,137.05,225.21,225.26,168.26
2,collar,88.21,88.94,137.05,225.26,225.99,168.31
2,said,89.31,89.6,137.05,226.36,226.65,169.41
2,henry,89.6,90.05,137.05,226.65,227.1,169.7
3,he,1.13,1.38,228.22,229.35,229.6,172.4
3,began,1.38,2.43,228.22,229.6,230.65,172.65
3,to,2.46,2.63,228.22,230.68,230.85,173.73
3,think,2.63,3.54,228.22,230.85,231.76,173.9
3,if,4.72,5.02,228.22,232.94,233.24,175.99
3,only,5.15,5.93,228.22,233.37,234.15,176.42
3,he,5.96,6.21,228.22,234.18,234.43,177.23
3,could,6.21,6.56,228.22,234.43,234.78,177.48
3,keep,6.56,6.95,228.22,234.78,235.17,177.83
3,the,6.95,7.17,228.22,235.17,235.39,178.22
3,dog,7.17,7.67,228.22,235.39,235.89,178.44
3,he,8.61,8.74,228.22,236.83,236.96,179.88
3,had,8.74,8.83,228.22,236.96,237.05,180.01
3,always,8.83,9.14,228.22,237.05,237.36,180.1
3,wanted,9.14,9.5,228.22,237.36,237.72,180.41
3,a,9.5,9.55,228.22,237.72,237.77,180.77
3,dog,9.55,9.84,228.22,237.77,238.06,180.82
3,of,9.84,9.92,228.22,238.06,238.14,181.11
3,his,9.92,10.08,228.22,238.14,238.3,181.19
3,very,10.08,10.39,228.22,238.3,238.61,181.35
3,own,10.39,10.82,228.22,238.61,239.04,181.66
3,and,11.27,11.51,228.22,239.49,239.73,182.54
3,now,11.51,11.81,228.22,239.73,240.03,182.78
3,he,11.81,12,228.22,240.03,240.22,183.08
3,had,12,12.13,228.22,240.22,240.35,183.27
3,found,12.13,12.48,228.22,240.35,240.7,183.4
3,a,12.48,12.52,228.22,240.7,240.74,183.75
3,dog,12.52,12.93,228.22,240.74,241.15,183.79
3,that,12.93,13.08,228.22,241.15,241.3,184.2
3,wanted,13.08,13.49,228.22,241.3,241.71,184.35
3,him,13.49,13.95,228.22,241.71,242.17,184.76
3,he,14.84,15.03,228.22,243.06,243.25,186.11
3,couldn't,15.03,15.35,228.22,243.25,243.57,186.3
3,go,15.35,15.56,228.22,243.57,243.78,186.62
3,home,15.56,15.89,228.22,243.78,244.11,186.83
3,and,15.89,16.11,228.22,244.11,244.33,187.16
3,leave,16.11,16.36,228.22,244.33,244.58,187.38
3,a,16.36,16.44,228.22,244.58,244.66,187.63
3,hungry,16.44,16.91,228.22,244.66,245.13,187.71
3,dog,16.91,17.25,228.22,245.13,245.47,188.18
3,on,17.25,17.38,228.22,245.47,245.6,188.52
3,the,17.38,17.44,228.22,245.6,245.66,188.65
3,street,17.44,17.81,228.22,245.66,246.03,188.71
3,corner,17.81,18.27,228.22,246.03,246.49,189.08
3,if,19.38,19.59,228.22,247.6,247.81,190.65
3,only,19.69,20.05,228.22,247.91,248.27,190.96
3,he,20.05,20.34,228.22,248.27,248.56,191.32
3,knew,20.34,20.57,228.22,248.56,248.79,191.61
3,what,20.57,20.71,228.22,248.79,248.93,191.84
3,his,20.71,20.92,228.22,248.93,249.14,191.98
3,mother,20.92,21.21,228.22,249.14,249.43,192.19
3,and,21.21,21.32,228.22,249.43,249.54,192.48
3,father,21.32,21.69,228.22,249.54,249.91,192.59
3,would,21.69,21.85,228.22,249.91,250.07,192.96
3,say,21.85,22.25,228.22,250.07,250.47,193.12
3,he,23.25,23.4,228.22,251.47,251.62,194.52
3,fingered,23.4,23.84,228.22,251.62,252.06,194.67
3,the,23.84,23.95,228.22,252.06,252.17,195.11
3,two,23.95,24.14,228.22,252.17,252.36,195.22
3,nickels,24.14,24.65,228.22,252.36,252.87,195.41
3,in,24.65,24.75,228.22,252.87,252.97,195.92
3,his,24.75,24.98,228.22,252.97,253.2,196.02
3,pocket,24.98,25.49,228.22,253.2,253.71,196.25
3,that,26.79,27.07,228.22,255.01,255.29,198.06
3,was,27.07,27.25,228.22,255.29,255.47,198.34
3,it,27.25,27.61,228.22,255.47,255.83,198.52
3,he,28.07,28.26,228.22,256.29,256.48,199.34
3,would,28.26,28.43,228.22,256.48,256.65,199.53
3,use,28.43,28.88,228.22,256.65,257.1,199.7
3,one,28.88,29.08,228.22,257.1,257.3,200.15
3,of,29.08,29.14,228.22,257.3,257.36,200.35
3,the,29.14,29.28,228.22,257.36,257.5,200.41
3,nickels,29.28,29.72,228.22,257.5,257.94,200.55
3,to,29.72,29.81,228.22,257.94,258.03,200.99
3,phone,29.81,30.14,228.22,258.03,258.36,201.08
3,his,30.14,30.32,228.22,258.36,258.54,201.41
3,mother,30.32,30.78,228.22,258.54,259,201.59
3,come,32.13,32.34,228.22,260.35,260.56,203.4
3,on,32.34,32.69,228.22,260.56,260.91,203.61
3,ribsy,32.69,33.35,228.22,260.91,261.57,203.96
3,come,33.99,34.18,228.22,262.21,262.4,205.26
3,on,34.18,34.4,228.22,262.4,262.62,205.45
3,ribs,34.4,34.88,228.22,262.62,263.1,205.67
3,old,34.88,35.06,228.22,263.1,263.28,206.15
3,boy,35.06,35.58,228.22,263.28,263.8,206.33
3,i'm,36.27,36.49,228.22,264.49,264.71,207.54
3,going,36.49,36.65,228.22,264.71,264.87,207.76
3,to,36.65,36.7,228.22,264.87,264.92,207.92
3,call,36.7,36.9,228.22,264.92,265.12,207.97
3,you,36.9,37.14,228.22,265.12,265.36,208.17
3,ribsy,37.14,37.75,228.22,265.36,265.97,208.41
3,because,38,38.34,228.22,266.22,266.56,209.27
3,you're,38.34,38.45,228.22,266.56,266.67,209.61
3,so,38.45,38.7,228.22,266.67,266.92,209.72
3,thin,38.7,39.25,228.22,266.92,267.47,209.97
3,the,40.43,40.53,228.22,268.65,268.75,211.7
3,dog,40.53,40.86,228.22,268.75,269.08,211.8
3,trotted,40.86,41.19,228.22,269.08,269.41,212.13
3,after,41.19,41.46,228.22,269.41,269.68,212.46
3,the,41.46,41.54,228.22,269.68,269.76,212.73
3,boy,41.54,41.79,228.22,269.76,270.01,212.81
3,to,41.79,41.94,228.22,270.01,270.16,213.06
3,the,41.94,42.02,228.22,270.16,270.24,213.21
3,telephone,42.02,42.6,228.22,270.24,270.82,213.29
3,booth,42.6,42.96,228.22,270.82,271.18,213.87
3,in,43.01,43.11,228.22,271.23,271.33,214.28
3,the,43.11,43.18,228.22,271.33,271.4,214.38
3,corner,43.18,43.62,228.22,271.4,271.84,214.45
3,of,43.62,43.69,228.22,271.84,271.91,214.89
3,the,43.69,43.82,228.22,271.91,272.04,214.96
3,drugstore,43.82,44.46,228.22,272.04,272.68,215.09
3,henry,45.35,45.74,228.22,273.57,273.96,216.62
3,shoved,45.74,46.11,228.22,273.96,274.33,217.01
3,him,46.11,46.22,228.22,274.33,274.44,217.38
3,into,46.22,46.42,228.22,274.44,274.64,217.49
3,the,46.42,46.51,228.22,274.64,274.73,217.69
3,booth,46.51,46.89,228.22,274.73,275.11,217.78
3,and,46.95,47.03,228.22,275.17,275.25,218.22
3,shut,47.03,47.26,228.22,275.25,275.48,218.3
3,the,47.26,47.34,228.22,275.48,275.56,218.53
3,door,47.34,47.74,228.22,275.56,275.96,218.61
3,he,48.65,48.83,228.22,276.87,277.05,219.92
3,had,48.83,48.98,228.22,277.05,277.2,220.1
3,never,48.98,49.26,228.22,277.2,277.48,220.25
3,used,49.26,49.71,228.22,277.48,277.93,220.53
3,a,49.71,49.75,228.22,277.93,277.97,220.98
3,pay,49.75,50.05,228.22,277.97,278.27,221.02
3,telephone,50.05,50.66,228.22,278.27,278.88,221.32
3,before,50.66,51.18,228.22,278.88,279.4,221.93
3,he,51.93,52.13,228.22,280.15,280.35,223.2
3,had,52.13,52.29,228.22,280.35,280.51,223.4
3,to,52.29,52.36,228.22,280.51,280.58,223.56
3,put,52.36,52.53,228.22,280.58,280.75,223.63
3,the,52.53,52.62,228.22,280.75,280.84,223.8
3,big,52.62,53.18,228.22,280.84,281.4,223.89
3,thick,53.18,53.55,228.22,281.4,281.77,224.45
3,telephone,53.55,54.13,228.22,281.77,282.35,224.82
3,book,54.13,54.35,228.22,282.35,282.57,225.4
3,on,54.35,54.51,228.22,282.57,282.73,225.62
3,the,54.51,54.55,228.22,282.73,282.77,225.78
3,floor,54.55,55.14,228.22,282.77,283.36,225.82
3,and,55.37,55.49,228.22,283.59,283.71,226.64
3,stand,55.49,55.85,228.22,283.71,284.07,226.76
3,on,55.85,56.06,228.22,284.07,284.28,227.12
3,tiptoe,56.06,56.48,228.22,284.28,284.7,227.33
3,on,56.48,56.74,228.22,284.7,284.96,227.75
3,it,56.74,56.94,228.22,284.96,285.16,228.01
3,to,57.01,57.15,228.22,285.23,285.37,228.28
3,reach,57.15,57.42,228.22,285.37,285.64,228.42
3,the,57.42,57.5,228.22,285.64,285.72,228.69
3,mouthpiece,57.5,58.22,228.22,285.72,286.44,228.77
3,he,59.28,59.44,228.22,287.5,287.66,230.55
3,dropped,59.44,59.75,228.22,287.66,287.97,230.71
3,his,59.75,59.92,228.22,287.97,288.14,231.02
3,nickel,59.92,60.28,228.22,288.14,288.5,231.19
3,into,60.28,60.53,228.22,288.5,288.75,231.55
3,the,60.53,60.62,228.22,288.75,288.84,231.8
3,coin,60.62,60.96,228.22,288.84,289.18,231.89
3,box,60.96,61.46,228.22,289.18,289.68,232.23
3,and,61.63,61.81,228.22,289.85,290.03,232.9
3,dialed,61.81,62.17,228.22,290.03,290.39,233.08
3,the,62.17,62.31,228.22,290.39,290.53,233.44
3,number,62.31,62.77,228.22,290.53,290.99,233.58
4,hello,1.4,2.13,292.01,293.41,294.14,236.46
4,mom,2.58,2.94,292.01,294.59,294.95,237.64
4,why,4.03,4.35,292.01,296.04,296.36,239.09
4,henry,4.35,5.16,292.01,296.36,297.17,239.41
4,his,6,6.22,292.01,298.01,298.23,241.06
4,mother,6.22,6.61,292.01,298.23,298.62,241.28
4,sounded,6.61,7.01,292.01,298.62,299.02,241.67
4,surprised,7.01,7.77,292.01,299.02,299.78,242.07
4,where,8.18,8.74,292.01,300.19,300.75,243.24
4,are,8.74,9.04,292.01,300.75,301.05,243.8
4,you,9.04,9.41,292.01,301.05,301.42,244.1
4,at,10.38,10.52,292.01,302.39,302.53,245.44
4,the,10.52,10.64,292.01,302.53,302.65,245.58
4,drugstore,10.64,11.21,292.01,302.65,303.22,245.7
4,near,11.21,11.48,292.01,303.22,303.49,246.27
4,the,11.48,11.58,292.01,303.49,303.59,246.54
4,gym,11.58,12,292.01,303.59,304.01,246.64
4,ribs,13.09,13.61,292.01,305.1,305.62,248.15
4,began,13.61,13.94,292.01,305.62,305.95,248.67
4,to,13.94,14.01,292.01,305.95,306.02,249
4,scratch,14.01,14.77,292.01,306.02,306.78,249.07
4,thump,15.19,15.6,292.01,307.2,307.61,250.25
4,thump,15.6,15.97,292.01,307.61,307.98,250.66
4,thump,15.97,16.36,292.01,307.98,308.37,251.03
4,inside,17.17,17.63,292.01,309.18,309.64,252.23
4,the,17.63,17.67,292.01,309.64,309.68,252.69
4,telephone,17.67,18.27,292.01,309.68,310.28,252.73
4,booth,18.27,18.6,292.01,310.28,310.61,253.33
4,the,18.66,18.82,292.01,310.67,310.83,253.72
4,thumps,18.82,19.27,292.01,310.83,311.28,253.88
4,sounded,19.27,19.74,292.01,311.28,311.75,254.33
4,loud,19.74,20.29,292.01,311.75,312.3,254.8
4,and,20.29,20.48,292.01,312.3,312.49,255.35
4,hollow,20.48,21.11,292.01,312.49,313.12,255.54
4,for,21.96,22.24,292.01,313.97,314.25,257.02
4,goodness,22.24,22.98,292.01,314.25,314.99,257.3
4,sake,22.98,23.5,292.01,314.99,315.51,258.04
4,henry,23.5,24.09,292.01,315.51,316.1,258.56
4,what's,24.45,24.73,292.01,316.46,316.74,259.51
4,that,24.73,24.91,292.01,316.74,316.92,259.79
4,noise,24.91,25.12,292.01,316.92,317.13,259.97
4,his,26.13,26.33,292.01,318.14,318.34,261.19
4,mother,26.33,26.56,292.01,318.34,318.57,261.39
4,demanded,26.56,27.02,292.01,318.57,319.03,261.62
4,ribs,27.81,28.3,292.01,319.82,320.31,262.87
4,began,28.3,28.61,292.01,320.31,320.62,263.36
4,to,28.61,28.68,292.01,320.62,320.69,263.67
4,whimper,28.68,29.23,292.01,320.69,321.24,263.74
4,and,29.82,30.11,292.01,321.83,322.12,264.88
4,then,30.11,30.67,292.01,322.12,322.68,265.17
4,to,30.71,30.84,292.01,322.72,322.85,265.77
4,howl,30.84,31.53,292.01,322.85,323.54,265.9
4,henry,32.25,32.83,292.01,324.26,324.84,267.31
4,mrs,33.34,33.68,292.01,325.35,325.69,268.4
4,huggins,33.68,34.03,292.01,325.69,326.04,268.74
4,shouted,34.03,34.5,292.01,326.04,326.51,269.09
4,are,34.75,34.86,292.01,326.76,326.87,269.81
4,you,34.86,35.08,292.01,326.87,327.09,269.92
4,all,35.08,35.26,292.01,327.09,327.27,270.14
4,right,35.26,35.91,292.01,327.27,327.92,270.32
4,yes,36.62,37.3,292.01,328.63,329.31,271.68
4,i'm,37.35,37.58,292.01,329.36,329.59,272.41
4,all,37.58,37.96,292.01,329.59,329.97,272.64
4,right,37.96,38.87,292.01,329.97,330.88,273.02
4,henry,39.28,39.62,292.01,331.29,331.63,274.34
4,shouted,39.62,40,292.01,331.63,332.01,274.68
4,back,40,40.44,292.01,332.01,332.45,275.06
4,he,40.94,41.16,292.01,332.95,333.17,276
4,never,41.16,41.72,292.01,333.17,333.73,276.22
4,could,41.72,41.87,292.01,333.73,333.88,276.78
4,understand,41.87,42.58,292.01,333.88,334.59,276.93
4,why,42.58,43,292.01,334.59,335.01,277.64
4,his,43,43.24,292.01,335.01,335.25,278.06
4,mother,43.24,43.6,292.01,335.25,335.61,278.3
4,always,43.63,44.09,292.01,335.64,336.1,278.69
4,thought,44.09,44.42,292.01,336.1,336.43,279.15
4,something,44.42,44.87,292.01,336.43,336.88,279.48
4,had,44.87,45.04,292.01,336.88,337.05,279.93
4,happened,45.04,45.41,292.01,337.05,337.42,280.1
4,to,45.41,45.49,292.01,337.42,337.5,280.47
4,him,45.49,45.83,292.01,337.5,337.84,280.55
4,when,46.27,46.5,292.01,338.28,338.51,281.33
4,nothing,46.5,47.01,292.01,338.51,339.02,281.56
4,ever,47.01,47.3,292.01,339.02,339.31,282.07
4,did,47.3,47.75,292.01,339.31,339.76,282.36
4,that's,48.71,49.03,292.01,340.72,341.04,283.77
4,just,49.03,49.38,292.01,341.04,341.39,284.09
4,ribsy,49.38,50.18,292.01,341.39,342.19,284.44
4,ribsy,51.19,52.09,292.01,343.2,344.1,286.25
4,his,52.68,52.89,292.01,344.69,344.9,287.74
4,mother,52.89,53.21,292.01,344.9,345.22,287.95
4,was,53.21,53.41,292.01,345.22,345.42,288.27
4,exasperated,53.41,54.36,292.01,345.42,346.37,288.47
4,henry,55.17,55.93,292.01,347.18,347.94,290.23
4,will,56.28,56.44,292.01,348.29,348.45,291.34
4,you,56.44,56.68,292.01,348.45,348.69,291.5
4,please,56.68,57.25,292.01,348.69,349.26,291.74
4,tell,57.25,57.53,292.01,349.26,349.54,292.31
4,me,57.53,57.83,292.01,349.54,349.84,292.59
4,what,58.02,58.42,292.01,350.03,350.43,293.08
4,is,58.42,58.61,292.01,350.43,350.62,293.48
4,going,58.61,58.98,292.01,350.62,350.99,293.67
4,on,58.98,59.47,292.01,350.99,351.48,294.04
5,i'm,1.95,2.22,353.13,355.08,355.35,298.13
5,trying,2.22,2.89,353.13,355.35,356.02,298.4
5,to,2.89,3.47,353.13,356.02,356.6,299.07
5,said,3.89,4.18,353.13,357.02,357.31,300.07
5,henry,4.18,4.7,353.13,357.31,357.83,300.36
5,ribsy,5.36,6.06,353.13,358.49,359.19,301.54
5,howled,6.06,6.65,353.13,359.19,359.78,302.24
5,louder,6.65,7.28,353.13,359.78,360.41,302.83
5,people,8.28,8.65,353.13,361.41,361.78,304.46
5,were,8.65,8.84,353.13,361.78,361.97,304.83
5,gathering,8.84,9.41,353.13,361.97,362.54,305.02
5,around,9.41,9.68,353.13,362.54,362.81,305.59
5,the,9.68,9.75,353.13,362.81,362.88,305.86
5,phone,9.75,10.09,353.13,362.88,363.22,305.93
5,booth,10.09,10.38,353.13,363.22,363.51,306.27
5,to,10.38,10.56,353.13,363.51,363.69,306.56
5,see,10.56,10.84,353.13,363.69,363.97,306.74
5,what,10.84,11.01,353.13,363.97,364.14,307.02
5,was,11.01,11.15,353.13,364.14,364.28,307.19
5,going,11.15,11.48,353.13,364.28,364.61,307.33
5,on,11.48,11.86,353.13,364.61,364.99,307.66
5,mother,12.95,13.55,353.13,366.08,366.68,309.13
5,i've,13.97,14.19,353.13,367.1,367.32,310.15
5,found,14.19,14.63,353.13,367.32,367.76,310.37
5,a,14.63,14.69,353.13,367.76,367.82,310.81
5,dog,14.69,15.15,353.13,367.82,368.28,310.87
5,i,16,16.14,353.13,369.13,369.27,312.18
5,sure,16.14,16.51,353.13,369.27,369.64,312.32
5,wish,16.51,16.82,353.13,369.64,369.95,312.69
5,i,16.82,16.93,353.13,369.95,370.06,313
5,could,16.93,17.18,353.13,370.06,370.31,313.11
5,keep,17.18,17.46,353.13,370.31,370.59,313.36
5,him,17.46,17.79,353.13,370.59,370.92,313.64
5,he's,18.14,18.35,353.13,371.27,371.48,314.32
5,a,18.35,18.4,353.13,371.48,371.53,314.53
5,good,18.4,18.72,353.13,371.53,371.85,314.58
5,dog,18.72,19.08,353.13,371.85,372.21,314.9
5,and,19.08,19.33,353.13,372.21,372.46,315.26
5,i'd,19.33,19.5,353.13,372.46,372.63,315.51
5,feed,19.5,19.84,353.13,372.63,372.97,315.68
5,him,19.84,19.99,353.13,372.97,373.12,316.02
5,and,19.99,20.17,353.13,373.12,373.3,316.17
5,wash,20.17,20.55,353.13,373.3,373.68,316.35
5,him,20.55,20.68,353.13,373.68,373.81,316.73
5,and,20.68,20.88,353.13,373.81,374.01,316.86
5,everything,20.88,21.53,353.13,374.01,374.66,317.06
5,please,22.32,23.17,353.13,375.45,376.3,318.5
5,mom,23.17,23.95,353.13,376.3,377.08,319.35
5,i,24.93,25.2,353.13,378.06,378.33,321.11
5,don't,25.2,25.65,353.13,378.33,378.78,321.38
5,know,25.65,26.06,353.13,378.78,379.19,321.83
5,dear,26.06,26.74,353.13,379.19,379.87,322.24
5,his,27.03,27.25,353.13,380.16,380.38,323.21
5,mother,27.25,27.52,353.13,380.38,380.65,323.43
5,said,27.52,27.95,353.13,380.65,381.08,323.7
5,you'll,28.45,28.78,353.13,381.58,381.91,324.63
5,have,28.78,29.13,353.13,381.91,382.26,324.96
5,to,29.13,29.21,353.13,382.26,382.34,325.31
5,ask,29.21,29.6,353.13,382.34,382.73,325.39
5,your,29.6,29.7,353.13,382.73,382.83,325.78
5,father,29.7,30.34,353.13,382.83,383.47,325.88
5,mom,31.01,32,353.13,384.14,385.13,327.19
5,henry,32.4,32.76,353.13,385.53,385.89,328.58
5,wailed,32.76,33.17,353.13,385.89,386.3,328.94
5,that's,33.71,33.95,353.13,386.84,387.08,329.89
5,what,33.95,34.12,353.13,387.08,387.25,330.13
5,you,34.12,34.37,353.13,387.25,387.5,330.3
5,always,34.37,35.06,353.13,387.5,388.19,330.55
5,say,35.06,35.55,353.13,388.19,388.68,331.24
5,henry,36.79,37.13,353.13,389.92,390.26,332.97
5,was,37.13,37.32,353.13,390.26,390.45,333.31
5,tired,37.32,37.8,353.13,390.45,390.93,333.5
5,of,37.8,37.88,353.13,390.93,391.01,333.98
5,standing,37.88,38.33,353.13,391.01,391.46,334.06
5,on,38.33,38.52,353.13,391.46,391.65,334.51
5,tiptoe,38.52,39.06,353.13,391.65,392.19,334.7
5,and,39.06,39.26,353.13,392.19,392.39,335.24
5,the,39.26,39.35,353.13,392.39,392.48,335.44
5,phone,39.35,39.7,353.13,392.48,392.83,335.53
5,booth,39.7,39.98,353.13,392.83,393.11,335.88
5,was,39.98,40.14,353.13,393.11,393.27,336.16
5,getting,40.14,40.43,353.13,393.27,393.56,336.32
5,warm,40.43,40.9,353.13,393.56,394.03,336.61
5,mom,41.6,42.19,353.13,394.73,395.32,337.78
5,please,42.53,43.05,353.13,395.66,396.18,338.71
5,say,43.05,43.2,353.13,396.18,396.33,339.23
5,yes,43.2,43.7,353.13,396.33,396.83,339.38
5,and,43.91,44.01,353.13,397.04,397.14,340.09
5,i'll,44.01,44.12,353.13,397.14,397.25,340.19
5,never,44.12,44.6,353.13,397.25,397.73,340.3
5,ask,44.6,44.89,353.13,397.73,398.02,340.78
5,for,44.89,45.22,353.13,398.02,398.35,341.07
5,another,45.46,46.01,353.13,398.59,399.14,341.64
5,thing,46.01,46.52,353.13,399.14,399.65,342.19
5,as,46.52,46.65,353.13,399.65,399.78,342.7
5,long,46.65,47.14,353.13,399.78,400.27,342.83
5,as,47.14,47.27,353.13,400.27,400.4,343.32
5,i,47.27,47.39,353.13,400.4,400.52,343.45
5,live,47.39,47.98,353.13,400.52,401.11,343.57
5,well,49.8,50.37,353.13,402.93,403.5,345.98
5,all,51.61,51.92,353.13,404.74,405.05,347.79
5,right,51.92,52.33,353.13,405.05,405.46,348.1
5,henry,52.33,52.87,353.13,405.46,406,348.51
5,i,53.72,53.82,353.13,406.85,406.95,349.9
5,guess,53.82,54.08,353.13,406.95,407.21,350
5,there,54.08,54.23,353.13,407.21,407.36,350.26
5,isn't,54.23,54.62,353.13,407.36,407.75,350.41
5,any,54.62,54.83,353.13,407.75,407.96,350.8
5,reason,54.83,55.36,353.13,407.96,408.49,351.01
5,why,55.36,55.54,353.13,408.49,408.67,351.54
5,you,55.54,55.76,353.13,408.67,408.89,351.72
5,shouldn't,55.76,56.24,353.13,408.89,409.37,351.94
5,have,56.24,56.49,353.13,409.37,409.62,352.42
5,a,56.49,56.54,353.13,409.62,409.67,352.67
5,dog,56.54,56.98,353.13,409.67,410.11,352.72
5,but,57.72,57.9,353.13,410.85,411.03,353.9
5,you'll,57.9,58.02,353.13,411.03,411.15,354.08
5,have,58.02,58.38,353.13,411.15,411.51,354.2
5,to,58.38,58.49,353.13,411.51,411.62,354.56
5,bring,58.49,58.77,353.13,411.62,411.9,354.67
5,him,58.77,58.95,353.13,411.9,412.08,354.95
5,home,58.95,59.26,353.13,412.08,412.39,355.13
5,on,59.26,59.41,353.13,412.39,412.54,355.44
5,the,59.41,59.48,353.13,412.54,412.61,355.59
5,bus,59.48,60.05,353.13,412.61,413.18,355.66
5,your,60.42,60.55,353.13,413.55,413.68,356.6
5,father,60.55,61.07,353.13,413.68,414.2,356.73
5,has,61.07,61.27,353.13,414.2,414.4,357.25
5,the,61.27,61.33,353.13,414.4,414.46,357.45
5,car,61.33,61.63,353.13,414.46,414.76,357.51
5,today,61.63,62.07,353.13,414.76,415.2,357.81
5,and,62.27,62.4,353.13,415.4,415.53,358.45
5,i,62.4,62.56,353.13,415.53,415.69,358.58
5,can't,62.56,62.85,353.13,415.69,415.98,358.74
5,come,62.85,63.06,353.13,415.98,416.19,359.03
5,after,63.06,63.34,353.13,416.19,416.47,359.24
5,you,63.34,63.68,353.13,416.47,416.81,359.52
5,can,64.41,64.64,353.13,417.54,417.77,360.59
5,you,64.64,64.74,353.13,417.77,417.87,360.82
5,manage,64.74,65.42,353.13,417.87,418.55,360.92
5,sure,65.97,66.64,353.13,419.1,419.77,362.15
5,easy,66.97,67.71,353.13,420.1,420.84,363.15
5,and,68.7,68.9,353.13,421.83,422.03,364.88
5,henry,68.9,69.62,353.13,422.03,422.75,365.08
5,please,69.98,70.54,353.13,423.11,423.67,366.16
5,don't,70.54,70.8,353.13,423.67,423.93,366.72
5,be,70.8,70.93,353.13,423.93,424.06,366.98
5,late,70.93,71.33,353.13,424.06,424.46,367.11
5,it,71.77,71.91,353.13,424.9,425.04,367.95
5,looks,71.91,72.37,353.13,425.04,425.5,368.09
5,as,72.37,72.51,353.13,425.5,425.64,368.55
5,if,72.51,72.66,353.13,425.64,425.79,368.69
5,it,72.66,72.81,353.13,425.79,425.94,368.84
5,might,72.81,73.04,353.13,425.94,426.17,368.99
5,rain,73.04,73.63,353.13,426.17,426.76,369.22
5,all,74.35,74.58,353.13,427.48,427.71,370.53
5,right,74.58,74.82,353.13,427.71,427.95,370.76
5,mom,74.82,75.3,353.13,427.95,428.43,371
5,thump,75.67,75.97,353.13,428.8,429.1,371.85
5,thump,75.97,76.24,353.13,429.1,429.37,372.15
5,thump,76.24,76.49,353.13,429.37,429.62,372.42
5,henry,77.39,77.92,353.13,430.52,431.05,373.57
5,what's,78.46,78.99,353.13,431.59,432.12,374.64
5,that,78.99,79.34,353.13,432.12,432.47,375.17
5,thumping,79.34,79.81,353.13,432.47,432.94,375.52
5,noise,79.81,80.4,353.13,432.94,433.53,375.99
5,it's,81.07,81.27,353.13,434.2,434.4,377.25
5,my,81.27,81.44,353.13,434.4,434.57,377.45
5,dog,81.44,81.74,353.13,434.57,434.87,377.62
5,ribsy,81.74,82.33,353.13,434.87,435.46,377.92
5,he's,82.81,83.12,353.13,435.94,436.25,378.99
5,scratching,83.12,83.55,353.13,436.25,436.68,379.3
5,a,83.55,83.59,353.13,436.68,436.72,379.73
5,flea,83.59,83.99,353.13,436.72,437.12,379.77
5,oh,85.1,85.6,353.13,438.23,438.73,381.28
5,henry,85.6,86.4,353.13,438.73,439.53,381.78
5,mrs,86.83,87.17,353.13,439.96,440.3,383.01
5,huggins,87.17,87.6,353.13,440.3,440.73,383.35
5,moaned,87.6,88.1,353.13,440.73,441.23,383.78
5,couldn't,88.73,89.26,353.13,441.86,442.39,384.91
5,you,89.26,89.37,353.13,442.39,442.5,385.44
5,have,89.37,89.56,353.13,442.5,442.69,385.55
5,found,89.56,90.04,353.13,442.69,443.17,385.74
5,a,90.04,90.09,353.13,443.17,443.22,386.22
5,dog,90.09,90.54,353.13,443.22,443.67,386.27
5,without,90.54,91.19,353.13,443.67,444.32,386.72
5,fleas,91.19,92.05,353.13,444.32,445.18,387.37
5,henry,92.95,93.31,353.13,446.08,446.44,389.13
5,thought,93.31,93.56,353.13,446.44,446.69,389.49
5,that,93.56,93.7,353.13,446.69,446.83,389.74
5,was,93.7,93.83,353.13,446.83,446.96,389.88
5,a,93.83,93.87,353.13,446.96,447,390.01
5,good,93.87,94.15,353.13,447,447.28,390.05
5,time,94.15,94.45,353.13,447.28,447.58,390.33
5,to,94.45,94.52,353.13,447.58,447.65,390.63
5,hang,94.52,94.81,353.13,447.65,447.94,390.7
5,up,94.81,95.03,353.13,447.94,448.16,390.99
5,come,95.76,95.96,353.13,448.89,449.09,391.94
5,on,95.96,96.19,353.13,449.09,449.32,392.14
5,ribs,96.19,96.78,353.13,449.32,449.91,392.37
5,he,96.93,97.11,353.13,450.06,450.24,393.11
5,said,97.11,97.51,353.13,450.24,450.64,393.29
5,we're,97.87,98.1,353.13,451,451.23,394.05
5,going,98.1,98.41,353.13,451.23,451.54,394.28
5,home,98.41,98.68,353.13,451.54,451.81,394.59
5,on,98.68,98.81,353.13,451.81,451.94,394.86
5,the,98.81,98.89,353.13,451.94,452.02,394.99
5,bus,98.89,99.59,353.13,452.02,452.72,395.07
6,when,1.56,1.78,453.57,455.13,455.35,398.18
6,the,1.78,1.83,453.57,455.35,455.4,398.4
6,big,1.83,2.11,453.57,455.4,455.68,398.45
6,green,2.11,2.46,453.57,455.68,456.03,398.73
6,bus,2.46,2.88,453.57,456.03,456.45,399.08
6,stopped,2.91,3.3,453.57,456.48,456.87,399.53
6,in,3.3,3.38,453.57,456.87,456.95,399.92
6,front,3.38,3.55,453.57,456.95,457.12,400
6,of,3.55,3.64,453.57,457.12,457.21,400.17
6,the,3.64,3.72,453.57,457.21,457.29,400.26
6,drugstore,3.72,4.44,453.57,457.29,458.01,400.34
6,henry,4.79,5.14,453.57,458.36,458.71,401.41
6,picked,5.14,5.43,453.57,458.71,459,401.76
6,up,5.43,5.56,453.57,459,459.13,402.05
6,his,5.56,5.78,453.57,459.13,459.35,402.18
6,dog,5.78,6.12,453.57,459.35,459.69,402.4
6,ribsy,7.21,7.78,453.57,460.78,461.35,403.83
6,was,7.78,8.03,453.57,461.35,461.6,404.4
6,heavier,8.03,8.73,453.57,461.6,462.3,404.65
6,than,8.73,8.89,453.57,462.3,462.46,405.35
6,he,8.89,9.03,453.57,462.46,462.6,405.51
6,expected,9.03,9.75,453.57,462.6,463.32,405.65
6,he,10.51,10.62,453.57,464.08,464.19,407.13
6,had,10.62,10.75,453.57,464.19,464.32,407.24
6,a,10.75,10.78,453.57,464.32,464.35,407.37
6,hard,10.78,11.07,453.57,464.35,464.64,407.4
6,time,11.07,11.47,453.57,464.64,465.04,407.69
6,getting,11.47,11.77,453.57,465.04,465.34,408.09
6,him,11.77,11.86,453.57,465.34,465.43,408.39
6,into,11.86,12,453.57,465.43,465.57,408.48
6,the,12,12.09,453.57,465.57,465.66,408.62
6,bus,12.09,12.63,453.57,465.66,466.2,408.71
6,and,12.95,13.08,453.57,466.52,466.65,409.57
6,was,13.08,13.26,453.57,466.65,466.83,409.7
6,wondering,13.26,13.77,453.57,466.83,467.34,409.88
6,how,13.77,14.13,453.57,467.34,467.7,410.39
6,he,14.13,14.3,453.57,467.7,467.87,410.75
6,would,14.3,14.49,453.57,467.87,468.06,410.92
6,get,14.49,14.65,453.57,468.06,468.22,411.11
6,a,14.65,14.72,453.57,468.22,468.29,411.27
6,dime,14.72,15.17,453.57,468.29,468.74,411.34
6,out,15.17,15.31,453.57,468.74,468.88,411.79
6,of,15.31,15.39,453.57,468.88,468.96,411.93
6,his,15.39,15.59,453.57,468.96,469.16,412.01
6,pocket,15.59,16.19,453.57,469.16,469.76,412.21
6,when,16.4,16.54,453.57,469.97,470.11,413.02
6,the,16.54,16.61,453.57,470.11,470.18,413.16
6,driver,16.61,17.03,453.57,470.18,470.6,413.23
6,said,17.03,17.45,453.57,470.6,471.02,413.65
6,say,17.98,18.45,453.57,471.55,472.02,414.6
6,sonny,18.45,19.09,453.57,472.02,472.66,415.07
6,you,19.51,19.67,453.57,473.08,473.24,416.13
6,can't,19.67,19.95,453.57,473.24,473.52,416.29
6,take,19.95,20.28,453.57,473.52,473.85,416.57
6,that,20.28,20.55,453.57,473.85,474.12,416.9
6,dog,20.55,20.86,453.57,474.12,474.43,417.17
6,on,20.86,21,453.57,474.43,474.57,417.48
6,the,21,21.06,453.57,474.57,474.63,417.62
6,bus,21.06,21.68,453.57,474.63,475.25,417.68
6,why,22.61,22.94,453.57,476.18,476.51,419.23
6,not,22.94,23.48,453.57,476.51,477.05,419.56
6,asked,24.15,24.46,453.57,477.72,478.03,420.77
6,henry,24.46,24.97,453.57,478.03,478.54,421.08
6,it's,25.63,25.89,453.57,479.2,479.46,422.25
6,a,25.89,25.97,453.57,479.46,479.54,422.51
6,company,25.97,26.52,453.57,479.54,480.09,422.59
6,rule,26.52,26.94,453.57,480.09,480.51,423.14
6,sonny,26.94,27.52,453.57,480.51,481.09,423.56
6,no,27.97,28.38,453.57,481.54,481.95,424.59
6,dogs,28.38,28.98,453.57,481.95,482.55,425
6,on,28.98,29.23,453.57,482.55,482.8,425.6
6,buses,29.23,29.89,453.57,482.8,483.46,425.85
6,golly,31.07,31.54,453.57,484.64,485.11,427.69
6,mister,31.54,32.12,453.57,485.11,485.69,428.16
6,how'm,32.56,33.08,453.57,486.13,486.65,429.18
6,i,33.08,33.21,453.57,486.65,486.78,429.7
6,going,33.21,33.36,453.57,486.78,486.93,429.83
6,to,33.36,33.43,453.57,486.93,487,429.98
6,get,33.43,33.59,453.57,487,487.16,430.05
6,him,33.59,33.77,453.57,487.16,487.34,430.21
6,home,33.77,34.3,453.57,487.34,487.87,430.39
6,i,35.13,35.3,453.57,488.7,488.87,431.75
6,just,35.3,35.69,453.57,488.87,489.26,431.92
6,have,35.69,35.99,453.57,489.26,489.56,432.31
6,to,35.99,36.09,453.57,489.56,489.66,432.61
6,get,36.09,36.29,453.57,489.66,489.86,432.71
6,him,36.29,36.44,453.57,489.86,490.01,432.91
6,home,36.44,36.99,453.57,490.01,490.56,433.06
6,sorry,37.86,38.41,453.57,491.43,491.98,434.48
6,sonny,38.41,38.96,453.57,491.98,492.53,435.03
6,i,39.28,39.42,453.57,492.85,492.99,435.9
6,didn't,39.42,39.66,453.57,492.99,493.23,436.04
6,make,39.66,39.91,453.57,493.23,493.48,436.28
6,the,39.91,40.01,453.57,493.48,493.58,436.53
6,rule,40.01,40.5,453.57,493.58,494.07,436.63
6,no,41.1,41.51,453.57,494.67,495.08,437.72
6,animal,41.51,42.02,453.57,495.08,495.59,438.13
6,can,42.02,42.17,453.57,495.59,495.74,438.64
6,ride,42.17,42.49,453.57,495.74,496.06,438.79
6,on,42.49,42.63,453.57,496.06,496.2,439.11
6,a,42.63,42.69,453.57,496.2,496.26,439.25
6,bus,42.69,43.18,453.57,496.26,496.75,439.31
6,unless,43.28,43.71,453.57,496.85,497.28,439.9
6,it's,43.71,43.89,453.57,497.28,497.46,440.33
6,inside,43.92,44.58,453.57,497.49,498.15,440.54
6,a,44.61,44.68,453.57,498.18,498.25,441.23
6,box,44.68,45.36,453.57,498.25,498.93,441.3
6,well,46.5,47.24,453.57,500.07,500.81,443.12
6,thanks,48.14,48.62,453.57,501.71,502.19,444.76
6,anyway,48.62,49.51,453.57,502.19,503.08,445.24
6,said,50.07,50.29,453.57,503.64,503.86,446.69
6,henry,50.29,50.61,453.57,503.86,504.18,446.91
6,doubtfully,50.61,51.28,453.57,504.18,504.85,447.23
6,and,51.6,51.76,453.57,505.17,505.33,448.22
6,lifted,51.76,52.16,453.57,505.33,505.73,448.38
6,ribsy,52.16,52.78,453.57,505.73,506.35,448.78
6,off,52.78,53.05,453.57,506.35,506.62,449.4
6,the,53.05,53.12,453.57,506.62,506.69,449.67
6,bus,53.12,53.62,453.57,506.69,507.19,449.74
6,well,54.69,55.39,453.57,508.26,508.96,451.31
6,i,56.27,56.43,453.57,509.84,510,452.89
6,guess,56.43,56.73,453.57,510,510.3,453.05
6,we'll,56.73,56.82,453.57,510.3,510.39,453.35
6,have,56.82,57.06,453.57,510.39,510.63,453.44
6,to,57.06,57.16,453.57,510.63,510.73,453.68
6,get,57.16,57.31,453.57,510.73,510.88,453.78
6,a,57.31,57.35,453.57,510.88,510.92,453.93
6,box,57.35,58.02,453.57,510.92,511.59,453.97
6,i'll,59.14,59.36,453.57,512.71,512.93,455.76
6,get,59.36,59.59,453.57,512.93,513.16,455.98
6,you,59.59,59.78,453.57,513.16,513.35,456.21
6,onto,59.78,60.05,453.57,513.35,513.62,456.4
6,the,60.05,60.13,453.57,513.62,513.7,456.67
6,next,60.13,60.54,453.57,513.7,514.11,456.75
6,bus,60.54,60.81,453.57,514.11,514.38,457.16
6,somehow,60.81,61.47,453.57,514.38,515.04,457.43
6,promised,62.06,62.54,453.57,515.63,516.11,458.68
6,henry,62.54,62.98,453.57,516.11,516.55,459.16
7,he,1.92,2.1,516.85,518.77,518.95,461.82
7,went,2.1,2.33,516.85,518.95,519.18,462
7,back,2.33,2.56,516.85,519.18,519.41,462.23
7,into,2.56,2.72,516.85,519.41,519.57,462.46
7,the,2.72,2.82,516.85,519.57,519.67,462.62
7,drugstore,2.82,3.46,516.85,519.67,520.31,462.72
7,followed,3.46,3.84,516.85,520.31,520.69,463.36
7,closely,3.84,4.46,516.85,520.69,521.31,463.74
7,by,4.46,4.67,516.85,521.31,521.52,464.36
7,ribsy,4.67,5.26,516.85,521.52,522.11,464.57
7,have,6.42,6.61,516.85,523.27,523.46,466.32
7,you,6.61,6.81,516.85,523.46,523.66,466.51
7,got,6.81,7.06,516.85,523.66,523.91,466.71
7,a,7.06,7.14,516.85,523.91,523.99,466.96
7,big,7.14,7.62,516.85,523.99,524.47,467.04
7,box,7.62,8.02,516.85,524.47,524.87,467.52
7,i,8.02,8.06,516.85,524.87,524.91,467.92
7,could,8.06,8.23,516.85,524.91,525.08,467.96
7,have,8.23,8.58,516.85,525.08,525.43,468.13
7,please,8.58,9.16,516.85,525.43,526.01,468.48
7,he,9.62,9.81,516.85,526.47,526.66,469.52
7,asked,9.81,10.04,516.85,526.66,526.89,469.71
7,the,10.04,10.11,516.85,526.89,526.96,469.94
7,man,10.11,10.34,516.85,526.96,527.19,470.01
7,at,10.34,10.43,516.85,527.19,527.28,470.24
7,the,10.43,10.5,516.85,527.28,527.35,470.33
7,toothpaste,10.5,11.01,516.85,527.35,527.86,470.4
7,counter,11.01,11.39,516.85,527.86,528.24,470.91
7,i,11.94,12.21,516.85,528.79,529.06,471.84
7,need,12.21,12.39,516.85,529.06,529.24,472.11
7,one,12.39,12.65,516.85,529.24,529.5,472.29
7,big,12.65,12.84,516.85,529.5,529.69,472.55
7,enough,12.84,13.11,516.85,529.69,529.96,472.74
7,for,13.11,13.3,516.85,529.96,530.15,473.01
7,my,13.3,13.47,516.85,530.15,530.32,473.2
7,dog,13.47,13.9,516.85,530.32,530.75,473.37
7,the,15.05,15.14,516.85,531.9,531.99,474.95
7,clerk,15.14,15.58,516.85,531.99,532.43,475.04
7,leaned,15.58,16.01,516.85,532.43,532.86,475.48
7,over,16.01,16.24,516.85,532.86,533.09,475.91
7,the,16.24,16.31,516.85,533.09,533.16,476.14
7,counter,16.31,16.82,516.85,533.16,533.67,476.21
7,to,16.85,16.97,516.85,533.7,533.82,476.75
7,look,16.97,17.22,516.85,533.82,534.07,476.87
7,at,17.22,17.35,516.85,534.07,534.2,477.12
7,ribsy,17.35,17.9,516.85,534.2,534.75,477.25
7,a,18.89,19.5,516.85,535.74,536.35,478.79
7,cardboard,19.59,20.42,516.85,536.44,537.27,479.49
7,box,20.42,21.12,516.85,537.27,537.97,480.32
7,he,21.41,21.6,516.85,538.26,538.45,481.31
7,asked,21.6,22.03,516.85,538.45,538.88,481.5
7,yes,22.66,23.02,516.85,539.51,539.87,482.56
7,please,23.05,23.55,516.85,539.9,540.4,482.95
7,said,24.11,24.33,516.85,540.96,541.18,484.01
7,henry,24.33,24.78,516.85,541.18,541.63,484.23
7,wishing,24.99,25.47,516.85,541.84,542.32,484.89
7,the,25.47,25.56,516.85,542.32,542.41,485.37
7,man,25.56,25.82,516.85,542.41,542.67,485.46
7,would,25.82,25.92,516.85,542.67,542.77,485.72
7,hurry,25.92,26.37,516.85,542.77,543.22,485.82
7,he,26.82,26.98,516.85,543.67,543.83,486.72
7,didn't,26.98,27.26,516.85,543.83,544.11,486.88
7,want,27.26,27.47,516.85,544.11,544.32,487.16
7,to,27.47,27.51,516.85,544.32,544.36,487.37
7,be,27.51,27.62,516.85,544.36,544.47,487.41
7,late,27.62,27.91,516.85,544.47,544.76,487.52
7,getting,27.91,28.21,516.85,544.76,545.06,487.81
7,home,28.21,28.74,516.85,545.06,545.59,488.11
7,the,29.69,29.79,516.85,546.54,546.64,489.59
7,clerk,29.79,30.23,516.85,546.64,547.08,489.69
7,pulled,30.23,30.63,516.85,547.08,547.48,490.13
7,a,30.63,30.68,516.85,547.48,547.53,490.53
7,box,30.68,31.13,516.85,547.53,547.98,490.58
7,out,31.13,31.32,516.85,547.98,548.17,491.03
7,from,31.32,31.5,516.85,548.17,548.35,491.22
7,under,31.5,31.7,516.85,548.35,548.55,491.4
7,the,31.7,31.78,516.85,548.55,548.63,491.6
7,counter,31.78,32.37,516.85,548.63,549.22,491.68
7,this,33.38,33.97,516.85,550.23,550.82,493.28
7,hair,33.97,34.44,516.85,550.82,551.29,493.87
7,tonic,34.44,34.89,516.85,551.29,551.74,494.34
7,carton,34.89,35.35,516.85,551.74,552.2,494.79
7,is,35.35,35.56,516.85,552.2,552.41,495.25
7,the,35.56,35.72,516.85,552.41,552.57,495.46
7,only,35.72,36.03,516.85,552.57,552.88,495.62
7,one,36.03,36.22,516.85,552.88,553.07,495.93
7,i,36.22,36.34,516.85,553.07,553.19,496.12
7,have,36.34,36.92,516.85,553.19,553.77,496.24
7,i,37.7,38.4,516.85,554.55,555.25,497.6
7,guess,38.43,38.85,516.85,555.28,555.7,498.33
7,it's,38.85,39.14,516.85,555.7,555.99,498.75
7,big,39.14,39.36,516.85,555.99,556.21,499.04
7,enough,39.36,39.86,516.85,556.21,556.71,499.26
7,but,40.56,40.75,516.85,557.41,557.6,500.46
7,why,40.75,41.03,516.85,557.6,557.88,500.65
7,anyone,41.03,41.69,516.85,557.88,558.54,500.93
7,would,41.69,41.84,516.85,558.54,558.69,501.59
7,want,41.84,42.1,516.85,558.69,558.95,501.74
7,to,42.1,42.15,516.85,558.95,559,502
7,put,42.15,42.35,516.85,559,559.2,502.05
7,a,42.35,42.43,516.85,559.2,559.28,502.25
7,dog,42.43,43.05,516.85,559.28,559.9,502.33
7,in,43.11,43.27,516.85,559.96,560.12,503.01
7,a,43.27,43.33,516.85,560.12,560.18,503.17
7,cardboard,43.33,43.99,516.85,560.18,560.84,503.23
7,box,43.99,44.59,516.85,560.84,561.44,503.89
7,i,44.69,45,516.85,561.54,561.85,504.59
7,can't,45,45.49,516.85,561.85,562.34,504.9
7,understand,45.49,46.4,516.85,562.34,563.25,505.39
7,the,47.72,47.81,516.85,564.57,564.66,507.62
7,box,47.81,48.2,516.85,564.66,565.05,507.71
7,was,48.2,48.34,516.85,565.05,565.19,508.1
7,about,48.34,48.7,516.85,565.19,565.55,508.24
7,two,48.7,48.9,516.85,565.55,565.75,508.6
7,feet,48.9,49.22,516.85,565.75,566.07,508.8
7,square,49.22,49.76,516.85,566.07,566.61,509.12
7,and,49.79,49.91,516.85,566.64,566.76,509.69
7,six,49.91,50.3,516.85,566.76,567.15,509.81
7,inches,50.3,50.68,516.85,567.15,567.53,510.2
7,deep,50.68,50.96,516.85,567.53,567.81,510.58
7,on,51.58,51.85,516.85,568.43,568.7,511.48
7,one,51.85,52.05,516.85,568.7,568.9,511.75
7,end,52.05,52.29,516.85,568.9,569.14,511.95
7,was,52.29,52.48,516.85,569.14,569.33,512.19
7,printed,52.48,52.84,516.85,569.33,569.69,512.38
7,don't,53.6,53.78,516.85,570.45,570.63,513.5
7,let,53.78,54.01,516.85,570.63,570.86,513.68
7,them,54.01,54.15,516.85,570.86,571,513.91
7,call,54.15,54.37,516.85,571,571.22,514.05
7,you,54.37,54.5,516.85,571.22,571.35,514.27
7,baldy,54.5,55.04,516.85,571.35,571.89,514.4
7,and,55.54,55.67,516.85,572.39,572.52,515.44
7,on,55.67,55.85,516.85,572.52,572.7,515.57
7,the,55.85,55.96,516.85,572.7,572.81,515.75
7,other,55.96,56.39,516.85,572.81,573.24,515.86
7,try,56.69,57.08,516.85,573.54,573.93,516.59
7,our,57.08,57.28,516.85,573.93,574.13,516.98
7,large,57.28,57.61,516.85,574.13,574.46,517.18
7,economy,57.61,58.14,516.85,574.46,574.99,517.51
7,size,58.14,58.8,516.85,574.99,575.65,518.04
8,henry,1.56,1.92,576.83,578.39,578.75,521.44
8,thanked,1.92,2.34,576.83,578.75,579.17,521.8
8,the,2.34,2.43,576.83,579.17,579.26,522.22
8,clerk,2.43,2.95,576.83,579.26,579.78,522.31
8,carried,3.19,3.54,576.83,580.02,580.37,523.07
8,the,3.54,3.62,576.83,580.37,580.45,523.42
8,box,3.62,3.99,576.83,580.45,580.82,523.5
8,out,3.99,4.18,576.83,580.82,581.01,523.87
8,to,4.18,4.25,576.83,581.01,581.08,524.06
8,the,4.25,4.33,576.83,581.08,581.16,524.13
8,bus,4.33,4.59,576.83,581.16,581.42,524.21
8,stop,4.59,4.92,576.83,581.42,581.75,524.47
8,and,5.23,5.4,576.83,582.06,582.23,525.11
8,put,5.4,5.66,576.83,582.23,582.49,525.28
8,it,5.66,5.76,576.83,582.49,582.59,525.54
8,on,5.76,5.93,576.83,582.59,582.76,525.64
8,the,5.93,5.96,576.83,582.76,582.79,525.81
8,sidewalk,5.96,6.6,576.83,582.79,583.43,525.84
8,ribsy,7.48,8,576.83,584.31,584.83,527.36
8,padded,8,8.36,576.83,584.83,585.19,527.88
8,after,8.36,8.66,576.83,585.19,585.49,528.24
8,him,8.66,8.94,576.83,585.49,585.77,528.54
8,get,9.82,10,576.83,586.65,586.83,529.7
8,in,10,10.27,576.83,586.83,587.1,529.88
8,fellow,10.27,10.82,576.83,587.1,587.65,530.15
8,henry,11.33,11.61,576.83,588.16,588.44,531.21
8,commanded,11.61,12.08,576.83,588.44,588.91,531.49
8,ribsy,12.95,13.42,576.83,589.78,590.25,532.83
8,understood,13.42,14.03,576.83,590.25,590.86,533.3
8,he,14.67,14.82,576.83,591.5,591.65,534.55
8,stepped,14.82,15.23,576.83,591.65,592.06,534.7
8,into,15.23,15.42,576.83,592.06,592.25,535.11
8,the,15.42,15.53,576.83,592.25,592.36,535.3
8,box,15.53,15.99,576.83,592.36,592.82,535.41
8,and,15.99,16.18,576.83,592.82,593.01,535.87
8,sat,16.18,16.55,576.83,593.01,593.38,536.06
8,down,16.55,16.91,576.83,593.38,593.74,536.43
8,just,17.18,17.51,576.83,594.01,594.34,537.06
8,as,17.51,17.64,576.83,594.34,594.47,537.39
8,the,17.64,17.73,576.83,594.47,594.56,537.52
8,bus,17.73,18.05,576.83,594.56,594.88,537.61
8,came,18.05,18.29,576.83,594.88,595.12,537.93
8,around,18.29,18.54,576.83,595.12,595.37,538.17
8,the,18.54,18.62,576.83,595.37,595.45,538.42
8,corner,18.62,19.09,576.83,595.45,595.92,538.5
8,henry,20.07,20.4,576.83,596.9,597.23,539.95
8,had,20.4,20.59,576.83,597.23,597.42,540.28
8,to,20.59,20.66,576.83,597.42,597.49,540.47
8,kneel,20.66,21.17,576.83,597.49,598,540.54
8,to,21.17,21.29,576.83,598,598.12,541.05
8,pick,21.29,21.48,576.83,598.12,598.31,541.17
8,up,21.48,21.63,576.83,598.31,598.46,541.36
8,the,21.63,21.71,576.83,598.46,598.54,541.51
8,box,21.71,22.35,576.83,598.54,599.18,541.59
8,it,23.21,23.29,576.83,600.04,600.12,543.09
8,was,23.29,23.5,576.83,600.12,600.33,543.17
8,not,23.5,23.84,576.83,600.33,600.67,543.38
8,a,23.84,23.91,576.83,600.67,600.74,543.72
8,very,23.91,24.23,576.83,600.74,601.06,543.79
8,strong,24.23,24.8,576.83,601.06,601.63,544.11
8,box,24.8,25.3,576.83,601.63,602.13,544.68
8,and,25.62,25.76,576.83,602.45,602.59,545.5
8,he,25.76,25.84,576.83,602.59,602.67,545.64
8,had,25.84,26.16,576.83,602.67,602.99,545.72
8,to,26.16,26.19,576.83,602.99,603.02,546.04
8,put,26.19,26.37,576.83,603.02,603.2,546.07
8,his,26.37,26.56,576.83,603.2,603.39,546.25
8,arms,26.56,26.9,576.83,603.39,603.73,546.44
8,under,26.9,27.2,576.83,603.73,604.03,546.78
8,it,27.2,27.39,576.83,604.03,604.22,547.08
8,he,28.16,28.3,576.83,604.99,605.13,548.04
8,staggered,28.3,29.14,576.83,605.13,605.97,548.18
8,as,29.14,29.3,576.83,605.97,606.13,549.02
8,he,29.3,29.46,576.83,606.13,606.29,549.18
8,lifted,29.46,29.86,576.83,606.29,606.69,549.34
8,it,29.86,30.09,576.83,606.69,606.92,549.74
8,feeling,30.4,30.84,576.83,607.23,607.67,550.28
8,like,30.84,31.04,576.83,607.67,607.87,550.72
8,the,31.04,31.12,576.83,607.87,607.95,550.92
8,strong,31.12,31.72,576.83,607.95,608.55,551
8,man,31.72,31.96,576.83,608.55,608.79,551.6
8,who,31.96,32.1,576.83,608.79,608.93,551.84
8,lifted,32.1,32.45,576.83,608.93,609.28,551.98
8,weights,32.45,32.86,576.83,609.28,609.69,552.33
8,at,32.86,32.96,576.83,609.69,609.79,552.74
8,the,32.96,33.05,576.83,609.79,609.88,552.84
8,circus,33.05,33.68,576.83,609.88,610.51,552.93
8,ribsy,34.51,35.11,576.83,611.34,611.94,554.39
8,lovingly,35.11,35.98,576.83,611.94,612.81,554.99
8,licked,35.98,36.28,576.83,612.81,613.11,555.86
8,his,36.28,36.48,576.83,613.11,613.31,556.16
8,face,36.48,36.89,576.83,613.31,613.72,556.36
8,with,36.89,37.01,576.83,613.72,613.84,556.77
8,his,37.01,37.21,576.83,613.84,614.04,556.89
8,wet,37.21,37.51,576.83,614.04,614.34,557.09
8,pink,37.51,37.85,576.83,614.34,614.68,557.39
8,tongue,37.85,38.23,576.83,614.68,615.06,557.73
8,hey,39.1,39.55,576.83,615.93,616.38,558.98
8,cut,40.19,40.42,576.83,617.02,617.25,560.07
8,that,40.42,40.59,576.83,617.25,617.42,560.3
8,out,40.59,41.06,576.83,617.42,617.89,560.47
8,henry,41.32,41.65,576.83,618.15,618.48,561.2
8,ordered,41.65,42.09,576.83,618.48,618.92,561.53
8,you,42.58,42.79,576.83,619.41,619.62,562.46
8,better,42.79,43.22,576.83,619.62,620.05,562.67
8,be,43.22,43.45,576.83,620.05,620.28,563.1
8,good,43.45,43.76,576.83,620.28,620.59,563.33
8,if,43.76,43.92,576.83,620.59,620.75,563.64
8,you're,43.92,44.02,576.83,620.75,620.85,563.8
8,going,44.02,44.18,576.83,620.85,621.01,563.9
8,to,44.18,44.26,576.83,621.01,621.09,564.06
8,ride,44.26,44.54,576.83,621.09,621.37,564.14
8,on,44.54,44.69,576.83,621.37,621.52,564.42
8,the,44.69,44.76,576.83,621.52,621.59,564.57
8,bus,44.76,45.08,576.83,621.59,621.91,564.64
8,with,45.08,45.27,576.83,621.91,622.1,564.96
8,me,45.27,45.51,576.83,622.1,622.34,565.15
8,the,46.79,46.88,576.83,623.62,623.71,566.67
8,bus,46.88,47.1,576.83,623.71,623.93,566.76
8,stopped,47.1,47.54,576.83,623.93,624.37,566.98
8,at,47.54,47.65,576.83,624.37,624.48,567.42
8,the,47.65,47.72,576.83,624.48,624.55,567.53
8,curb,47.72,48.13,576.83,624.55,624.96,567.6
8,when,48.75,48.91,576.83,625.58,625.74,568.63
8,it,48.91,48.97,576.83,625.74,625.8,568.79
8,was,48.97,49.09,576.83,625.8,625.92,568.85
8,henry's,49.09,49.48,576.83,625.92,626.31,568.97
8,turn,49.48,49.73,576.83,626.31,626.56,569.36
8,to,49.73,49.82,576.83,626.56,626.65,569.61
8,get,49.82,49.97,576.83,626.65,626.8,569.7
8,on,49.97,50.38,576.83,626.8,627.21,569.85
8,he,50.76,50.9,576.83,627.59,627.73,570.64
8,had,50.9,51.21,576.83,627.73,628.04,570.78
8,trouble,51.21,51.65,576.83,628.04,628.48,571.09
8,finding,51.65,52.11,576.83,628.48,628.94,571.53
8,the,52.11,52.18,576.83,628.94,629.01,571.99
8,step,52.18,52.66,576.83,629.01,629.49,572.06
8,because,52.66,52.95,576.83,629.49,629.78,572.54
8,he,52.95,52.99,576.83,629.78,629.82,572.83
8,couldn't,52.99,53.28,576.83,629.82,630.11,572.87
8,see,53.28,53.47,576.83,630.11,630.3,573.16
8,his,53.47,53.64,576.83,630.3,630.47,573.35
8,feet,53.64,53.99,576.83,630.47,630.82,573.52
8,he,54.58,54.73,576.83,631.41,631.56,574.46
8,had,54.73,54.95,576.83,631.56,631.78,574.61
8,to,54.95,54.99,576.83,631.78,631.82,574.83
8,try,54.99,55.26,576.83,631.82,632.09,574.87
8,several,55.26,55.83,576.83,632.09,632.66,575.14
8,times,55.83,56.36,576.83,632.66,633.19,575.71
8,before,56.36,56.66,576.83,633.19,633.49,576.24
8,he,56.66,56.79,576.83,633.49,633.62,576.54
8,hit,56.79,56.97,576.83,633.62,633.8,576.67
8,it,56.97,57.18,576.83,633.8,634.01,576.85
9,then,1.2,1.8,634.71,635.91,636.51,578.96
9,he,1.8,2.08,634.71,636.51,636.79,579.56
9,discovered,2.08,2.62,634.71,636.79,637.33,579.84
9,he,2.62,2.79,634.71,637.33,637.5,580.38
9,had,2.79,2.94,634.71,637.5,637.65,580.55
9,forgotten,2.94,3.69,634.71,637.65,638.4,580.7
9,to,3.69,3.82,634.71,638.4,638.53,581.45
9,take,3.82,4.11,634.71,638.53,638.82,581.58
9,his,4.11,4.37,634.71,638.82,639.08,581.87
9,dime,4.37,4.75,634.71,639.08,639.46,582.13
9,out,4.82,5,634.71,639.53,639.71,582.58
9,of,5,5.1,634.71,639.71,639.81,582.76
9,his,5.1,5.29,634.71,639.81,640,582.86
9,pocket,5.29,5.78,634.71,640,640.49,583.05
9,he,6.67,6.81,634.71,641.38,641.52,584.43
9,was,6.81,6.94,634.71,641.52,641.65,584.57
9,afraid,6.94,7.41,634.71,641.65,642.12,584.7
9,to,7.41,7.45,634.71,642.12,642.16,585.17
9,put,7.45,7.69,634.71,642.16,642.4,585.21
9,the,7.69,7.76,634.71,642.4,642.47,585.45
9,box,7.76,8.2,634.71,642.47,642.91,585.52
9,down,8.2,8.5,634.71,642.91,643.21,585.96
9,for,8.5,8.66,634.71,643.21,643.37,586.26
9,fear,8.66,9.06,634.71,643.37,643.77,586.42
9,ribsy,9.06,9.46,634.71,643.77,644.17,586.82
9,might,9.46,9.66,634.71,644.17,644.37,587.22
9,escape,9.66,10.15,634.71,644.37,644.86,587.42
9,he,11.37,11.54,634.71,646.08,646.25,589.13
9,turned,11.54,11.84,634.71,646.25,646.55,589.3
9,sideways,11.84,12.49,634.71,646.55,647.2,589.6
9,to,12.49,12.59,634.71,647.2,647.3,590.25
9,the,12.59,12.67,634.71,647.3,647.38,590.35
9,driver,12.67,13.11,634.71,647.38,647.82,590.43
9,and,13.11,13.24,634.71,647.82,647.95,590.87
9,asked,13.24,13.66,634.71,647.95,648.37,591
9,politely,13.66,14.29,634.71,648.37,649,591.42
9,will,15.08,15.45,634.71,649.79,650.16,592.84
9,you,15.45,15.7,634.71,650.16,650.41,593.21
9,please,15.7,16.14,634.71,650.41,650.85,593.46
9,take,16.14,16.37,634.71,650.85,651.08,593.9
9,the,16.37,16.47,634.71,651.08,651.18,594.13
9,dime,16.47,16.9,634.71,651.18,651.61,594.23
9,out,16.9,17.08,634.71,651.61,651.79,594.66
9,of,17.08,17.19,634.71,651.79,651.9,594.84
9,my,17.19,17.33,634.71,651.9,652.04,594.95
9,pocket,17.33,17.8,634.71,652.04,652.51,595.09
9,for,17.8,17.93,634.71,652.51,652.64,595.56
9,me,17.93,18.27,634.71,652.64,652.98,595.69
9,my,18.64,19.01,634.71,653.35,653.72,596.4
9,hands,19.01,19.39,634.71,653.72,654.1,596.77
9,are,19.39,19.48,634.71,654.1,654.19,597.15
9,full,19.48,19.97,634.71,654.19,654.68,597.24
9,the,20.97,21.07,634.71,655.68,655.78,598.73
9,driver,21.07,21.53,634.71,655.78,656.24,598.83
9,pushed,21.53,21.86,634.71,656.24,656.57,599.29
9,his,21.86,22.07,634.71,656.57,656.78,599.62
9,cap,22.07,22.37,634.71,656.78,657.08,599.83
9,back,22.37,22.66,634.71,657.08,657.37,600.13
9,on,22.66,22.79,634.71,657.37,657.5,600.42
9,his,22.79,22.99,634.71,657.5,657.7,600.55
9,head,22.99,23.2,634.71,657.7,657.91,600.75
9,and,23.2,23.32,634.71,657.91,658.03,600.96
9,exclaimed,23.32,24.01,634.71,658.03,658.72,601.08
9,full,24.54,25.36,634.71,659.25,660.07,602.3
9,i,25.52,25.68,634.71,660.23,660.39,603.28
9,should,25.68,25.92,634.71,660.39,660.63,603.44
9,say,25.92,26.4,634.71,660.63,661.11,603.68
9,they,26.4,26.55,634.71,661.11,661.26,604.16
9,are,26.55,26.71,634.71,661.26,661.42,604.31
9,full,26.71,27.24,634.71,661.42,661.95,604.47
9,and,27.59,27.72,634.71,662.3,662.43,605.35
9,just,27.72,27.9,634.71,662.43,662.61,605.48
9,where,27.9,28.29,634.71,662.61,663,605.66
9,do,28.29,28.35,634.71,663,663.06,606.05
9,you,28.35,28.49,634.71,663.06,663.2,606.11
9,think,28.49,28.76,634.71,663.2,663.47,606.25
9,you're,28.76,28.94,634.71,663.47,663.65,606.52
9,going,28.94,29.37,634.71,663.65,664.08,606.7
9,with,29.37,29.49,634.71,664.08,664.2,607.13
9,that,29.49,29.68,634.71,664.2,664.39,607.25
9,animal,29.68,30.16,634.71,664.39,664.87,607.44
9,home,31.32,31.89,634.71,666.03,666.6,609.08
9,said,32.48,32.73,634.71,667.19,667.44,610.24
9,henry,32.73,33.09,634.71,667.44,667.8,610.49
9,in,33.09,33.2,634.71,667.8,667.91,610.85
9,a,33.2,33.26,634.71,667.91,667.97,610.96
9,small,33.26,33.67,634.71,667.97,668.38,611.02
9,voice,33.67,34.23,634.71,668.38,668.94,611.43
9,the,34.85,34.93,634.71,669.56,669.64,612.61
9,passengers,34.93,35.62,634.71,669.64,670.33,612.69
9,were,35.62,35.72,634.71,670.33,670.43,613.38
9,staring,35.72,36.44,634.71,670.43,671.15,613.48
9,and,36.6,36.97,634.71,671.31,671.68,614.36
9,most,36.97,37.32,634.71,671.68,672.03,614.73
9,of,37.32,37.42,634.71,672.03,672.13,615.08
9,them,37.42,37.67,634.71,672.13,672.38,615.18
9,were,37.67,37.8,634.71,672.38,672.51,615.43
9,smiling,37.8,38.51,634.71,672.51,673.22,615.56
9,the,39.26,39.34,634.71,673.97,674.05,617.02
9,box,39.34,39.79,634.71,674.05,674.5,617.1
9,was,39.79,39.95,634.71,674.5,674.66,617.55
9,getting,39.95,40.21,634.71,674.66,674.92,617.71
9,heavier,40.21,40.78,634.71,674.92,675.49,617.97
9,every,40.78,41.25,634.71,675.49,675.96,618.54
9,minute,41.25,41.61,634.71,675.96,676.32,619.01
9,not,42.64,43.07,634.71,677.35,677.78,620.4
9,on,43.07,43.28,634.71,677.78,677.99,620.83
9,this,43.28,43.48,634.71,677.99,678.19,621.04
9,bus,43.48,43.81,634.71,678.19,678.52,621.24
9,you're,43.81,43.91,634.71,678.52,678.62,621.57
9,not,43.91,44.3,634.71,678.62,679.01,621.67
9,said,44.67,44.94,634.71,679.38,679.65,622.43
9,the,44.94,44.97,634.71,679.65,679.68,622.7
9,driver,44.97,45.47,634.71,679.68,680.18,622.73
9,but,46.16,46.59,634.71,680.87,681.3,623.92
9,the,46.59,46.68,634.71,681.3,681.39,624.35
9,man,46.68,46.96,634.71,681.39,681.67,624.44
9,on,46.96,47.11,634.71,681.67,681.82,624.72
9,the,47.11,47.17,634.71,681.82,681.88,624.87
9,last,47.17,47.6,634.71,681.88,682.31,624.93
9,bus,47.6,47.92,634.71,682.31,682.63,625.36
9,said,47.92,48.06,634.71,682.63,682.77,625.68
9,i,48.06,48.14,634.71,682.77,682.85,625.82
9,could,48.14,48.33,634.71,682.85,683.04,625.9
9,take,48.33,48.59,634.71,683.04,683.3,626.09
9,the,48.59,48.67,634.71,683.3,683.38,626.35
9,dog,48.67,49.01,634.71,683.38,683.72,626.43
9,on,49.01,49.17,634.71,683.72,683.88,626.77
9,the,49.17,49.24,634.71,683.88,683.95,626.93
9,bus,49.24,49.69,634.71,683.95,684.4,627
9,in,49.69,49.79,634.71,684.4,684.5,627.45
9,a,49.79,49.85,634.71,684.5,684.56,627.55
9,box,49.85,50.54,634.71,684.56,685.25,627.61
9,protested,50.87,51.33,634.71,685.58,686.04,628.63
9,henry,51.33,51.8,634.71,686.04,686.51,629.09
9,who,52.27,52.41,634.71,686.98,687.12,630.03
9,was,52.41,52.54,634.71,687.12,687.25,630.17
9,afraid,52.54,52.93,634.71,687.25,687.64,630.3
9,he,52.93,53.03,634.71,687.64,687.74,630.69
9,couldn't,53.03,53.35,634.71,687.74,688.06,630.79
9,hold,53.35,53.69,634.71,688.06,688.4,631.11
9,the,53.69,53.73,634.71,688.4,688.44,631.45
9,dog,53.73,54.08,634.71,688.44,688.79,631.49
9,much,54.08,54.29,634.71,688.79,689,631.84
9,longer,54.29,54.83,634.71,689,689.54,632.05
9,he,55.38,55.56,634.71,690.09,690.27,633.14
9,said,55.56,55.88,634.71,690.27,690.59,633.32
9,it,55.88,55.94,634.71,690.59,690.65,633.64
9,was,55.94,56.14,634.71,690.65,690.85,633.7
9,a,56.14,56.2,634.71,690.85,690.91,633.9
9,company,56.2,56.8,634.71,690.91,691.51,633.96
9,rule,56.8,57.32,634.71,691.51,692.03,634.56
9,he,58.18,58.4,634.71,692.89,693.11,635.94
9,meant,58.4,58.94,634.71,693.11,693.65,636.16
9,a,58.94,59,634.71,693.65,693.71,636.7
9,big,59,59.39,634.71,693.71,694.1,636.76
9,box,59.39,59.74,634.71,694.1,694.45,637.15
9,tied,59.74,60.03,634.71,694.45,694.74,637.5
9,shut,60.03,60.44,634.71,694.74,695.15,637.79
9,a,60.77,60.87,634.71,695.48,695.58,638.53
9,box,60.87,61.16,634.71,695.58,695.87,638.63
9,with,61.16,61.29,634.71,695.87,696,638.92
9,holes,61.29,61.76,634.71,696,696.47,639.05
9,punched,61.76,62.09,634.71,696.47,696.8,639.52
9,in,62.09,62.2,634.71,696.8,696.91,639.85
9,it,62.2,62.29,634.71,696.91,697,639.96
9,for,62.29,62.43,634.71,697,697.14,640.05
9,the,62.43,62.52,634.71,697.14,697.23,640.19
9,dog,62.52,62.82,634.71,697.23,697.53,640.28
9,to,62.82,62.89,634.71,697.53,697.6,640.58
9,breathe,62.89,63.69,634.71,697.6,698.4,640.65
9,through,63.69,64.14,634.71,698.4,698.85,641.45
10,henry,1.56,2.06,700.02,701.58,702.08,644.63
10,was,2.06,2.24,700.02,702.08,702.26,645.13
10,horrified,2.24,3.1,700.02,702.26,703.12,645.31
10,to,3.1,3.13,700.02,703.12,703.15,646.17
10,hear,3.13,3.51,700.02,703.15,703.53,646.2
10,ribsy,3.51,3.92,700.02,703.53,703.94,646.58
10,growl,3.92,4.56,700.02,703.94,704.58,646.99
10,shut,5.14,5.54,700.02,705.16,705.56,648.21
10,up,5.54,5.87,700.02,705.56,705.89,648.61
10,he,6.21,6.43,700.02,706.23,706.45,649.28
10,ordered,6.43,6.97,700.02,706.45,706.99,649.5
10,ribsy,8.02,8.5,700.02,708.04,708.52,651.09
10,began,8.5,8.78,700.02,708.52,708.8,651.57
10,to,8.78,8.85,700.02,708.8,708.87,651.85
10,scratch,8.85,9.3,700.02,708.87,709.32,651.92
10,his,9.3,9.48,700.02,709.32,709.5,652.37
10,left,9.48,9.87,700.02,709.5,709.89,652.55
10,ear,9.87,10.1,700.02,709.89,710.12,652.94
10,with,10.1,10.24,700.02,710.12,710.26,653.17
10,his,10.24,10.43,700.02,710.26,710.45,653.31
10,left,10.43,10.79,700.02,710.45,710.81,653.5
10,hind,10.79,11.1,700.02,710.81,711.12,653.86
10,foot,11.1,11.54,700.02,711.12,711.56,654.17
10,the,12.12,12.39,700.02,712.14,712.41,655.19
10,box,12.39,12.96,700.02,712.41,712.98,655.46
10,began,12.96,13.36,700.02,712.98,713.38,656.03
10,to,13.36,13.48,700.02,713.38,713.5,656.43
10,tear,13.48,14.02,700.02,713.5,714.04,656.55
10,ribsy,14.82,15.26,700.02,714.84,715.28,657.89
10,jumped,15.26,15.6,700.02,715.28,715.62,658.33
10,out,15.6,15.8,700.02,715.62,715.82,658.67
10,of,15.8,15.91,700.02,715.82,715.93,658.87
10,the,15.91,15.98,700.02,715.93,716,658.98
10,box,15.98,16.41,700.02,716,716.43,659.05
10,and,16.41,16.71,700.02,716.43,716.73,659.48
10,off,16.71,16.95,700.02,716.73,716.97,659.78
10,the,16.95,17.03,700.02,716.97,717.05,660.02
10,bus,17.03,17.45,700.02,717.05,717.47,660.1
10,and,17.51,17.61,700.02,717.53,717.63,660.58
10,henry,17.61,18.02,700.02,717.63,718.04,660.68
10,jumped,18.02,18.3,700.02,718.04,718.32,661.09
10,after,18.3,18.61,700.02,718.32,718.63,661.37
10,him,18.61,18.95,700.02,718.63,718.97,661.68
10,the,19.67,19.76,700.02,719.69,719.78,662.74
10,bus,19.76,20.12,700.02,719.78,720.14,662.83
10,pulled,20.12,20.49,700.02,720.14,720.51,663.19
10,away,20.49,20.91,700.02,720.51,720.93,663.56
10,with,20.91,21.09,700.02,720.93,721.11,663.98
10,a,21.09,21.15,700.02,721.11,721.17,664.16
10,puff,21.15,21.67,700.02,721.17,721.69,664.22
10,of,21.67,21.85,700.02,721.69,721.87,664.74
10,exhaust,21.85,22.56,700.02,721.87,722.58,664.92
10,now,23.62,24.1,700.02,723.64,724.12,666.69
10,see,24.1,24.36,700.02,724.12,724.38,667.17
10,what,24.36,24.44,700.02,724.38,724.46,667.43
10,you've,24.44,24.78,700.02,724.46,724.8,667.51
10,done,24.78,25.24,700.02,724.8,725.26,667.85
10,you've,25.57,25.8,700.02,725.59,725.82,668.64
10,spoiled,25.8,26.48,700.02,725.82,726.5,668.87
10,everything,26.48,27.31,700.02,726.5,727.33,669.55
10,the,28.34,28.42,700.02,728.36,728.44,671.41
10,dog,28.42,28.81,700.02,728.44,728.83,671.49
10,hung,28.81,29.1,700.02,728.83,729.12,671.88
10,his,29.1,29.32,700.02,729.12,729.34,672.17
10,head,29.32,29.66,700.02,729.34,729.68,672.39
10,and,29.66,29.79,700.02,729.68,729.81,672.73
10,tucked,29.79,30.08,700.02,729.81,730.1,672.86
10,his,30.08,30.28,700.02,730.1,730.3,673.15
10,tail,30.28,30.58,700.02,730.3,730.6,673.35
10,between,30.58,30.92,700.02,730.6,730.94,673.65
10,his,30.92,31.06,700.02,730.94,731.08,673.99
10,legs,31.06,31.58,700.02,731.08,731.6,674.13
10,if,32.51,32.67,700.02,732.53,732.69,675.58
10,i,32.67,32.77,700.02,732.69,732.79,675.74
10,can't,32.77,33.09,700.02,732.79,733.11,675.84
10,get,33.09,33.23,700.02,733.11,733.25,676.16
10,you,33.23,33.43,700.02,733.25,733.45,676.3
10,home,33.43,34.11,700.02,733.45,734.13,676.5
10,how,34.43,34.77,700.02,734.45,734.79,677.5
10,can,34.77,34.98,700.02,734.79,735,677.84
10,i,34.98,35.1,700.02,735,735.12,678.05
10,keep,35.1,35.52,700.02,735.12,735.54,678.17
10,you,35.52,36.07,700.02,735.54,736.09,678.59
10,henry,37.22,37.62,700.02,737.24,737.64,680.29
10,sat,37.62,37.88,700.02,737.64,737.9,680.69
10,down,37.88,38.2,700.02,737.9,738.22,680.95
10,on,38.2,38.31,700.02,738.22,738.33,681.27
10,the,38.31,38.39,700.02,738.33,738.41,681.38
10,curb,38.39,38.75,700.02,738.41,738.77,681.46
10,to,38.75,38.85,700.02,738.77,738.87,681.82
10,think,38.85,39.32,700.02,738.87,739.34,681.92
10,it,39.87,39.98,700.02,739.89,740,682.94
10,was,39.98,40.15,700.02,740,740.17,683.05
10,so,40.15,40.42,700.02,740.17,740.44,683.22
10,late,40.42,40.95,700.02,740.44,740.97,683.49
10,and,41.24,41.34,700.02,741.26,741.36,684.31
10,the,41.34,41.38,700.02,741.36,741.4,684.41
10,clouds,41.38,41.85,700.02,741.4,741.87,684.45
10,were,41.85,41.98,700.02,741.87,742,684.92
10,so,41.98,42.3,700.02,742,742.32,685.05
10,dark,42.3,42.83,700.02,742.32,742.85,685.37
10,that,43.1,43.23,700.02,743.12,743.25,686.17
10,he,43.23,43.3,700.02,743.25,743.32,686.3
10,didn't,43.3,43.55,700.02,743.32,743.57,686.37
10,want,43.55,43.71,700.02,743.57,743.73,686.62
10,to,43.71,43.79,700.02,743.73,743.81,686.78
10,waste,43.79,44.15,700.02,743.81,744.17,686.86
10,time,44.15,44.55,700.02,744.17,744.57,687.22
10,looking,44.55,44.86,700.02,744.57,744.88,687.62
10,for,44.86,45.1,700.02,744.88,745.12,687.93
10,a,45.1,45.15,700.02,745.12,745.17,688.17
10,big,45.15,45.41,700.02,745.17,745.43,688.22
10,box,45.41,45.97,700.02,745.43,745.99,688.48
10,his,46.73,47,700.02,746.75,747.02,689.8
10,mother,47,47.36,700.02,747.02,747.38,690.07
10,was,47.36,47.58,700.02,747.38,747.6,690.43
10,probably,47.58,48.2,700.02,747.6,748.22,690.65
10,beginning,48.2,48.66,700.02,748.22,748.68,691.27
10,to,48.66,48.77,700.02,748.68,748.79,691.73
10,worry,48.77,49.2,700.02,748.79,749.22,691.84
10,about,49.2,49.46,700.02,749.22,749.48,692.27
10,him,49.46,49.79,700.02,749.48,749.81,692.53
11,people,1.49,1.82,750.24,751.73,752.06,694.78
11,were,1.82,1.92,750.24,752.06,752.16,695.11
11,stopping,1.92,2.41,750.24,752.16,752.65,695.21
11,on,2.41,2.55,750.24,752.65,752.79,695.7
11,the,2.55,2.62,750.24,752.79,752.86,695.84
11,corner,2.62,3.07,750.24,752.86,753.31,695.91
11,to,3.07,3.26,750.24,753.31,753.5,696.36
11,wait,3.26,3.54,750.24,753.5,753.78,696.55
11,for,3.54,3.63,750.24,753.78,753.87,696.83
11,the,3.63,3.72,750.24,753.87,753.96,696.92
11,next,3.72,4.08,750.24,753.96,754.32,697.01
11,bus,4.08,4.61,750.24,754.32,754.85,697.37
11,among,5.34,5.71,750.24,755.58,755.95,698.63
11,them,5.71,6.03,750.24,755.95,756.27,699
11,henry,6.28,6.56,750.24,756.52,756.8,699.57
11,noticed,6.68,7.1,750.24,756.92,757.34,699.97
11,an,7.1,7.31,750.24,757.34,757.55,700.39
11,elderly,7.31,7.74,750.24,757.55,757.98,700.6
11,lady,7.74,8.23,750.24,757.98,758.47,701.03
11,carrying,8.26,8.73,750.24,758.5,758.97,701.55
11,a,8.73,8.8,750.24,758.97,759.04,702.02
11,large,8.8,9.27,750.24,759.04,759.51,702.09
11,paper,9.27,9.58,750.24,759.51,759.82,702.56
11,shopping,9.58,10.09,750.24,759.82,760.33,702.87
11,bag,10.09,10.41,750.24,760.33,760.65,703.38
11,full,10.41,10.69,750.24,760.65,760.93,703.7
11,of,10.69,10.77,750.24,760.93,761.01,703.98
11,apples,10.77,11.34,750.24,761.01,761.58,704.06
11,the,12.31,12.4,750.24,762.55,762.64,705.6
11,shopping,12.4,13.03,750.24,762.64,763.27,705.69
11,bag,13.03,13.54,750.24,763.27,763.78,706.32
11,gave,13.54,13.96,750.24,763.78,764.2,706.83
11,him,13.96,14.14,750.24,764.2,764.38,707.25
11,an,14.14,14.25,750.24,764.38,764.49,707.43
11,idea,14.25,14.96,750.24,764.49,765.2,707.54
11,jumping,15.87,16.29,750.24,766.11,766.53,709.16
11,up,16.29,16.57,750.24,766.53,766.81,709.58
11,he,16.62,16.8,750.24,766.86,767.04,709.91
11,snapped,16.8,17.24,750.24,767.04,767.48,710.09
11,his,17.24,17.44,750.24,767.48,767.68,710.53
11,fingers,17.44,17.79,750.24,767.68,768.03,710.73
11,at,17.79,17.91,750.24,768.03,768.15,711.08
11,ribs,17.91,18.38,750.24,768.15,768.62,711.2
11,and,18.38,18.5,750.24,768.62,768.74,711.67
11,ran,18.5,18.95,750.24,768.74,769.19,711.79
11,back,18.95,19.21,750.24,769.19,769.45,712.24
11,into,19.21,19.41,750.24,769.45,769.65,712.5
11,the,19.41,19.48,750.24,769.65,769.72,712.7
11,drugstore,19.48,20.09,750.24,769.72,770.33,712.77
11,you,21.18,21.37,750.24,771.42,771.61,714.47
11,back,21.37,21.75,750.24,771.61,771.99,714.66
11,again,21.75,22.48,750.24,771.99,772.72,715.04
11,asked,22.99,23.24,750.24,773.23,773.48,716.28
11,the,23.24,23.3,750.24,773.48,773.54,716.53
11,toothpaste,23.3,23.81,750.24,773.54,774.05,716.59
11,clerk,23.81,24.19,750.24,774.05,774.43,717.1
11,what,24.75,24.97,750.24,774.99,775.21,718.04
11,do,24.97,25.03,750.24,775.21,775.27,718.26
11,you,25.03,25.17,750.24,775.27,775.41,718.32
11,want,25.17,25.52,750.24,775.41,775.76,718.46
11,this,25.52,25.88,750.24,775.76,776.12,718.81
11,time,25.88,26.42,750.24,776.12,776.66,719.17
11,string,26.54,27.36,750.24,776.78,777.6,719.83
11,and,27.36,27.65,750.24,777.6,777.89,720.65
11,paper,27.65,28.13,750.24,777.89,778.37,720.94
11,to,28.13,28.2,750.24,778.37,778.44,721.42
11,wrap,28.2,28.52,750.24,778.44,778.76,721.49
11,your,28.52,28.66,750.24,778.76,778.9,721.81
11,dog,28.66,29.02,750.24,778.9,779.26,721.95
11,in,29.02,29.44,750.24,779.26,779.68,722.31
11,no,30.21,30.56,750.24,780.45,780.8,723.5
11,sir,30.56,31.12,750.24,780.8,781.36,723.85
11,said,31.44,31.68,750.24,781.68,781.92,724.73
11,henry,31.68,32.17,750.24,781.92,782.41,724.97
11,i,32.69,32.98,750.24,782.93,783.22,725.98
11,want,32.98,33.22,750.24,783.22,783.46,726.27
11,one,33.22,33.37,750.24,783.46,783.61,726.51
11,of,33.37,33.42,750.24,783.61,783.66,726.66
11,those,33.42,33.68,750.24,783.66,783.92,726.71
11,big,33.68,33.95,750.24,783.92,784.19,726.97
11,nickel,33.95,34.23,750.24,784.19,784.47,727.24
11,shopping,34.23,34.71,750.24,784.47,784.95,727.52
11,bags,34.71,35.23,750.24,784.95,785.47,728
11,he,35.93,36.07,750.24,786.17,786.31,729.22
11,laid,36.07,36.31,750.24,786.31,786.55,729.36
11,his,36.31,36.49,750.24,786.55,786.73,729.6
11,last,36.49,36.84,750.24,786.73,787.08,729.78
11,nickel,36.84,37.16,750.24,787.08,787.4,730.13
11,on,37.16,37.31,750.24,787.4,787.55,730.45
11,the,37.31,37.37,750.24,787.55,787.61,730.6
11,counter,37.37,37.83,750.24,787.61,788.07,730.66
11,well,38.85,39.46,750.24,789.09,789.7,732.14
11,i'll,39.46,40.18,750.24,789.7,790.42,732.75
11,be,40.18,40.38,750.24,790.42,790.62,733.47
11,darned,40.38,41.08,750.24,790.62,791.32,733.67
11,said,41.62,41.88,750.24,791.86,792.12,734.91
11,the,41.88,41.92,750.24,792.12,792.16,735.17
11,clerk,41.92,42.34,750.24,792.16,792.58,735.21
11,and,42.88,42.99,750.24,793.12,793.23,736.17
11,handed,42.99,43.36,750.24,793.23,793.6,736.28
11,the,43.36,43.42,750.24,793.6,793.66,736.65
11,bag,43.42,43.7,750.24,793.66,793.94,736.71
11,across,43.7,44.07,750.24,793.94,794.31,736.99
11,the,44.07,44.14,750.24,794.31,794.38,737.36
11,counter,44.14,44.57,750.24,794.38,794.81,737.43
11,henry,45.77,46.11,750.24,796.01,796.35,739.06
11,opened,46.14,46.45,750.24,796.38,796.69,739.43
11,the,46.45,46.55,750.24,796.69,796.79,739.74
11,bag,46.55,46.98,750.24,796.79,797.22,739.84
11,and,47.01,47.13,750.24,797.25,797.37,740.3
11,set,47.13,47.36,750.24,797.37,797.6,740.42
11,it,47.36,47.45,750.24,797.6,797.69,740.65
11,up,47.45,47.6,750.24,797.69,797.84,740.74
11,on,47.6,47.74,750.24,797.84,797.98,740.89
11,the,47.74,47.8,750.24,797.98,798.04,741.03
11,floor,47.8,48.24,750.24,798.04,798.48,741.09
11,he,49.07,49.26,750.24,799.31,799.5,742.36
11,picked,49.26,49.52,750.24,799.5,799.76,742.55
11,up,49.52,49.68,750.24,799.76,799.92,742.81
11,ribsy,49.68,50.21,750.24,799.92,800.45,742.97
11,and,50.48,50.61,750.24,800.72,800.85,743.77
11,shoved,50.61,50.96,750.24,800.85,801.2,743.9
11,him,50.96,51.17,750.24,801.2,801.41,744.25
11,hind,51.17,51.62,750.24,801.41,801.86,744.46
11,feet,51.62,51.97,750.24,801.86,802.21,744.91
11,first,52.03,52.55,750.24,802.27,802.79,745.32
11,into,52.55,52.76,750.24,802.79,803,745.84
11,the,52.76,52.87,750.24,803,803.11,746.05
11,bag,52.87,53.28,750.24,803.11,803.52,746.16
11,then,53.94,54.36,750.24,804.18,804.6,747.23
11,he,54.36,54.56,750.24,804.6,804.8,747.65
11,pushed,54.56,54.84,750.24,804.8,805.08,747.85
11,his,54.84,55.07,750.24,805.08,805.31,748.13
11,front,55.07,55.36,750.24,805.31,805.6,748.36
11,feet,55.36,55.63,750.24,805.6,805.87,748.65
11,in,55.63,55.93,750.24,805.87,806.17,748.92
11,a,56.65,56.76,750.24,806.89,807,749.94
11,lot,56.76,57.23,750.24,807,807.47,750.05
11,of,57.23,57.39,750.24,807.47,807.63,750.52
11,ribsy,57.39,57.76,750.24,807.63,808,750.68
11,was,57.76,57.92,750.24,808,808.16,751.05
11,left,57.92,58.22,750.24,808.16,808.46,751.21
11,over,58.22,58.61,750.24,808.46,808.85,751.51
11,the,59.73,59.81,750.24,809.97,810.05,753.02
11,clerk,59.81,60.09,750.24,810.05,810.33,753.1
11,was,60.09,60.23,750.24,810.33,810.47,753.38
11,leaning,60.23,60.5,750.24,810.47,810.74,753.52
11,over,60.5,60.69,750.24,810.74,810.93,753.79
11,the,60.69,60.77,750.24,810.93,811.01,753.98
11,counter,60.77,61.11,750.24,811.01,811.35,754.06
11,watching,61.11,61.67,750.24,811.35,811.91,754.4
11,i,62.73,63.45,750.24,812.97,813.69,756.02
11,guess,63.62,63.93,750.24,813.86,814.17,756.91
11,i'll,63.93,64.08,750.24,814.17,814.32,757.22
11,have,64.08,64.34,750.24,814.32,814.58,757.37
11,to,64.34,64.43,750.24,814.58,814.67,757.63
11,have,64.43,64.67,750.24,814.67,814.91,757.72
11,some,64.67,64.87,750.24,814.91,815.11,757.96
11,string,64.87,65.42,750.24,815.11,815.66,758.16
11,and,65.42,65.55,750.24,815.66,815.79,758.71
11,paper,65.55,65.89,750.24,815.79,816.13,758.84
11,too,65.89,66.36,750.24,816.13,816.6,759.18
11,henry,66.75,67.04,750.24,816.99,817.28,760.04
11,said,67.04,67.43,750.24,817.28,817.67,760.33
11,if,68.13,68.38,750.24,818.37,818.62,761.42
11,i,68.38,68.5,750.24,818.62,818.74,761.67
11,can,68.5,68.66,750.24,818.74,818.9,761.79
11,have,68.66,68.9,750.24,818.9,819.14,761.95
11,some,68.9,69.17,750.24,819.14,819.41,762.19
11,free,69.17,69.77,750.24,819.41,820.01,762.46
11,well,70.69,71.38,750.24,820.93,821.62,763.98
11,now,71.7,72.38,750.24,821.94,822.62,764.99
11,i've,72.38,72.81,750.24,822.62,823.05,765.67
11,seen,72.81,73.25,750.24,823.05,823.49,766.1
11,everything,73.25,74.07,750.24,823.49,824.31,766.54
11,the,74.79,74.87,750.24,825.03,825.11,768.08
11,clerk,74.87,75.18,750.24,825.11,825.42,768.16
11,shook,75.18,75.46,750.24,825.42,825.7,768.47
11,his,75.46,75.72,750.24,825.7,825.96,768.75
11,head,75.72,76.11,750.24,825.96,826.35,769.01
11,as,76.14,76.29,750.24,826.38,826.53,769.43
11,he,76.29,76.41,750.24,826.53,826.65,769.58
11,handed,76.41,76.71,750.24,826.65,826.95,769.7
11,a,76.71,76.76,750.24,826.95,827,770
11,piece,76.76,77.08,750.24,827,827.32,770.05
11,of,77.08,77.16,750.24,827.32,827.4,770.37
11,string,77.16,77.73,750.24,827.4,827.97,770.45
11,and,77.96,78.15,750.24,828.2,828.39,771.25
11,a,78.15,78.21,750.24,828.39,828.45,771.44
11,big,78.21,78.53,750.24,828.45,828.77,771.5
11,sheet,78.53,78.81,750.24,828.77,829.05,771.82
11,of,78.81,78.94,750.24,829.05,829.18,772.1
11,paper,78.94,79.35,750.24,829.18,829.59,772.23
11,across,79.35,79.72,750.24,829.59,829.96,772.64
11,the,79.72,79.8,750.24,829.96,830.04,773.01
11,counter,79.8,80.24,750.24,830.04,830.48,773.09
12,ribsy,1.52,1.99,831.74,833.26,833.73,776.31
12,whimpered,1.99,2.6,831.74,833.73,834.34,776.78
12,but,3.27,3.41,831.74,835.01,835.15,778.06
12,he,3.41,3.58,831.74,835.15,835.32,778.2
12,held,3.58,3.95,831.74,835.32,835.69,778.37
12,still,3.95,4.56,831.74,835.69,836.3,778.74
12,while,4.66,4.88,831.74,836.4,836.62,779.45
12,henry,4.88,5.25,831.74,836.62,836.99,779.67
12,wrapped,5.25,5.59,831.74,836.99,837.33,780.04
12,the,5.59,5.66,831.74,837.33,837.4,780.38
12,paper,5.66,6.22,831.74,837.4,837.96,780.45
12,loosely,6.22,6.72,831.74,837.96,838.46,781.01
12,around,6.72,7.02,831.74,838.46,838.76,781.51
12,his,7.02,7.19,831.74,838.76,838.93,781.81
12,head,7.19,7.42,831.74,838.93,839.16,781.98
12,and,7.42,7.52,831.74,839.16,839.26,782.21
12,shoulders,7.52,8.14,831.74,839.26,839.88,782.31
12,and,8.44,8.62,831.74,840.18,840.36,783.23
12,tied,8.62,8.93,831.74,840.36,840.67,783.41
12,it,8.93,9.02,831.74,840.67,840.76,783.72
12,with,9.02,9.19,831.74,840.76,840.93,783.81
12,the,9.19,9.3,831.74,840.93,841.04,783.98
12,string,9.3,9.72,831.74,841.04,841.46,784.09
12,the,10.56,10.65,831.74,842.3,842.39,785.35
12,dog,10.65,10.98,831.74,842.39,842.72,785.44
12,made,10.98,11.2,831.74,842.72,842.94,785.77
12,a,11.2,11.26,831.74,842.94,843,785.99
12,lumpy,11.26,11.69,831.74,843,843.43,786.05
12,package,11.69,12.36,831.74,843.43,844.1,786.48
12,but,12.87,13.11,831.74,844.61,844.85,787.66
12,by,13.11,13.31,831.74,844.85,845.05,787.9
12,taking,13.31,13.72,831.74,845.05,845.46,788.1
12,one,13.72,14.08,831.74,845.46,845.82,788.51
12,handle,14.08,14.48,831.74,845.82,846.22,788.87
12,of,14.48,14.61,831.74,846.22,846.35,789.27
12,the,14.61,14.68,831.74,846.35,846.42,789.4
12,bag,14.68,15.06,831.74,846.42,846.8,789.47
12,in,15.06,15.22,831.74,846.8,846.96,789.85
12,each,15.25,15.53,831.74,846.99,847.27,790.04
12,hand,15.53,15.91,831.74,847.27,847.65,790.32
12,henry,16.29,16.6,831.74,848.03,848.34,791.08
12,was,16.6,16.76,831.74,848.34,848.5,791.39
12,able,16.76,16.99,831.74,848.5,848.73,791.55
12,to,16.99,17.1,831.74,848.73,848.84,791.78
12,carry,17.1,17.42,831.74,848.84,849.16,791.89
12,it,17.42,17.52,831.74,849.16,849.26,792.21
12,to,17.52,17.66,831.74,849.26,849.4,792.31
12,the,17.66,17.74,831.74,849.4,849.48,792.45
12,bus,17.74,17.98,831.74,849.48,849.72,792.53
12,stop,17.98,18.33,831.74,849.72,850.07,792.77
12,he,19.31,19.45,831.74,851.05,851.19,794.1
12,didn't,19.45,19.73,831.74,851.19,851.47,794.24
12,think,19.73,19.93,831.74,851.47,851.67,794.52
12,the,19.93,20.01,831.74,851.67,851.75,794.72
12,bus,20.01,20.26,831.74,851.75,852,794.8
12,driver,20.26,20.56,831.74,852,852.3,795.05
12,would,20.56,20.76,831.74,852.3,852.5,795.35
12,notice,20.76,21.11,831.74,852.5,852.85,795.55
12,him,21.11,21.38,831.74,852.85,853.12,795.9
12,it,21.94,22.11,831.74,853.68,853.85,796.73
12,was,22.11,22.31,831.74,853.85,854.05,796.9
12,getting,22.31,22.63,831.74,854.05,854.37,797.1
12,dark,22.63,23.07,831.74,854.37,854.81,797.42
12,and,23.23,23.37,831.74,854.97,855.11,798.02
12,a,23.37,23.41,831.74,855.11,855.15,798.16
12,crowd,23.41,23.71,831.74,855.15,855.45,798.2
12,of,23.71,23.85,831.74,855.45,855.59,798.5
12,people,23.85,24.37,831.74,855.59,856.11,798.64
12,most,24.66,25.09,831.74,856.4,856.83,799.45
12,of,25.09,25.13,831.74,856.83,856.87,799.88
12,them,25.13,25.41,831.74,856.87,857.15,799.92
12,with,25.41,25.56,831.74,857.15,857.3,800.2
12,packages,25.56,26.27,831.74,857.3,858.01,800.35
12,was,26.45,26.59,831.74,858.19,858.33,801.24
12,waiting,26.59,26.92,831.74,858.33,858.66,801.38
12,on,26.92,27.01,831.74,858.66,858.75,801.71
12,the,27.01,27.08,831.74,858.75,858.82,801.8
12,corner,27.08,27.55,831.74,858.82,859.29,801.87
12,a,28.44,28.51,831.74,860.18,860.25,803.23
12,few,28.51,28.67,831.74,860.25,860.41,803.3
12,spatters,28.67,29.53,831.74,860.41,861.27,803.46
12,of,29.53,29.67,831.74,861.27,861.41,804.32
12,rain,29.67,29.98,831.74,861.41,861.72,804.46
12,hit,29.98,30.18,831.74,861.72,861.92,804.77
12,the,30.18,30.26,831.74,861.92,862,804.97
12,pavement,30.26,30.78,831.74,862,862.52,805.05
12,this,31.83,32.1,831.74,863.57,863.84,806.62
12,time,32.1,32.58,831.74,863.84,864.32,806.89
12,henry,32.8,33.27,831.74,864.54,865.01,807.59
12,remembered,33.27,33.97,831.74,865.01,865.71,808.06
12,his,33.97,34.27,831.74,865.71,866.01,808.76
12,dime,34.27,34.74,831.74,866.01,866.48,809.06
12,both,35.43,35.67,831.74,867.17,867.41,810.22
12,hands,35.67,35.99,831.74,867.41,867.73,810.46
12,were,35.99,36.09,831.74,867.73,867.83,810.78
12,full,36.09,36.55,831.74,867.83,868.29,810.88
12,so,36.85,37.02,831.74,868.59,868.76,811.64
12,he,37.02,37.19,831.74,868.76,868.93,811.81
12,held,37.19,37.49,831.74,868.93,869.23,811.98
12,the,37.49,37.57,831.74,869.23,869.31,812.28
12,dime,37.57,37.88,831.74,869.31,869.62,812.36
12,in,37.88,37.98,831.74,869.62,869.72,812.67
12,his,37.98,38.19,831.74,869.72,869.93,812.77
12,teeth,38.19,38.48,831.74,869.93,870.22,812.98
12,and,38.63,38.74,831.74,870.37,870.48,813.42
12,stood,38.74,39.06,831.74,870.48,870.8,813.53
12,behind,39.06,39.39,831.74,870.8,871.13,813.85
12,the,39.39,39.47,831.74,871.13,871.21,814.18
12,woman,39.47,39.84,831.74,871.21,871.58,814.26
12,with,39.84,39.97,831.74,871.58,871.71,814.63
12,the,39.97,40.06,831.74,871.71,871.8,814.76
12,bag,40.06,40.32,831.74,871.8,872.06,814.85
12,of,40.32,40.42,831.74,872.06,872.16,815.11
12,apples,40.42,40.98,831.74,872.16,872.72,815.21
12,ribsy,41.82,42.34,831.74,873.56,874.08,816.61
12,wiggled,42.34,42.88,831.74,874.08,874.62,817.13
12,and,42.88,43.04,831.74,874.62,874.78,817.67
12,whined,43.04,43.59,831.74,874.78,875.33,817.83
12,even,44.06,44.32,831.74,875.8,876.06,818.85
12,though,44.32,44.49,831.74,876.06,876.23,819.11
12,henry,44.49,44.86,831.74,876.23,876.6,819.28
12,tried,44.86,45.28,831.74,876.6,877.02,819.65
12,to,45.28,45.32,831.74,877.02,877.06,820.07
12,pet,45.32,45.56,831.74,877.06,877.3,820.11
12,him,45.56,45.75,831.74,877.3,877.49,820.35
12,through,45.75,45.92,831.74,877.49,877.66,820.54
12,the,45.92,46,831.74,877.66,877.74,820.71
12,paper,46,46.51,831.74,877.74,878.25,820.79
12,when,47.65,47.84,831.74,879.39,879.58,822.44
12,the,47.84,47.92,831.74,879.58,879.66,822.63
12,bus,47.92,48.21,831.74,879.66,879.95,822.71
12,stopped,48.21,48.78,831.74,879.95,880.52,823
12,he,48.99,49.16,831.74,880.73,880.9,823.78
12,climbed,49.16,49.68,831.74,880.9,881.42,823.95
12,on,49.68,49.95,831.74,881.42,881.69,824.47
12,behind,49.95,50.29,831.74,881.69,882.03,824.74
12,the,50.29,50.4,831.74,882.03,882.14,825.08
12,lady,50.4,50.86,831.74,882.14,882.6,825.19
12,quickly,51.35,51.85,831.74,883.09,883.59,826.14
12,set,51.85,52.1,831.74,883.59,883.84,826.64
12,the,52.1,52.19,831.74,883.84,883.93,826.89
12,bag,52.19,52.54,831.74,883.93,884.28,826.98
12,down,52.54,52.96,831.74,884.28,884.7,827.33
12,dropped,53.49,53.81,831.74,885.23,885.55,828.28
12,his,53.81,54.04,831.74,885.55,885.78,828.6
12,dime,54.04,54.33,831.74,885.78,886.07,828.83
12,in,54.33,54.46,831.74,886.07,886.2,829.12
12,the,54.46,54.51,831.74,886.2,886.25,829.25
12,slot,54.51,55.02,831.74,886.25,886.76,829.3
12,picked,55.46,55.7,831.74,887.2,887.44,830.25
12,up,55.7,55.9,831.74,887.44,887.64,830.49
12,the,55.9,55.98,831.74,887.64,887.72,830.69
12,bag,55.98,56.41,831.74,887.72,888.15,830.77
12,and,56.75,56.89,831.74,888.49,888.63,831.54
12,squirmed,56.89,57.51,831.74,888.63,889.25,831.68
12,through,57.51,57.78,831.74,889.25,889.52,832.3
12,the,57.78,57.88,831.74,889.52,889.62,832.57
12,crowd,57.88,58.33,831.74,889.62,890.07,832.67
12,to,58.33,58.49,831.74,890.07,890.23,833.12
12,a,58.49,58.54,831.74,890.23,890.28,833.28
12,seat,58.54,58.9,831.74,890.28,890.64,833.33
12,beside,59.25,59.59,831.74,890.99,891.33,834.04
12,a,59.59,59.63,831.74,891.33,891.37,834.38
12,fat,59.63,60.02,831.74,891.37,891.76,834.42
12,man,60.02,60.49,831.74,891.76,892.23,834.81
12,near,60.49,60.65,831.74,892.23,892.39,835.28
12,the,60.65,60.75,831.74,892.39,892.49,835.44
12,back,60.75,61.07,831.74,892.49,892.81,835.54
12,of,61.07,61.19,831.74,892.81,892.93,835.86
12,the,61.19,61.28,831.74,892.93,893.02,835.98
12,bus,61.28,61.8,831.74,893.02,893.54,836.07
